year,round,race_slug,race_name,driver_code,driver_name,team_name,grid_pos,grid_pos_norm,pit_stops_int,first_pit_frac,last_pit_frac,pitted_at_all,pit_before_half,total_pit_time_sec,fastest_lap_rank_norm,fastest_lap_lap_frac,fastest_lap_delta,team_Alpine,team_Aston Martin,team_Ferrari,team_Haas F1 Team,team_Kick Sauber,team_McLaren,team_Mercedes,team_Racing Bulls,team_Red Bull Racing,team_Williams,is_winner
2025,1,abu-dhabi,FORMULA 1 ETIHAD AIRWAYS ABU DHABI GRAND PRIX 2025 - RACE RESULT,VER,Max Verstappen,Red Bull Racing,1,0.05,1,0.39655172413793105,0.39655172413793105,1,1,21.703,0.25,0.6724137931034483,0.9000000000000057,False,False,False,False,False,False,False,False,True,False,1
2025,1,abu-dhabi,FORMULA 1 ETIHAD AIRWAYS ABU DHABI GRAND PRIX 2025 - RACE RESULT,PIA,Oscar Piastri,McLaren,3,0.15,1,0.7068965517241379,0.7068965517241379,1,0,21.565,0.1,0.7586206896551724,0.04000000000000625,False,False,False,False,False,True,False,False,False,False,0
2025,1,abu-dhabi,FORMULA 1 ETIHAD AIRWAYS ABU DHABI GRAND PRIX 2025 - RACE RESULT,NOR,Lando Norris,McLaren,2,0.1,2,0.27586206896551724,0.6896551724137931,1,1,42.73,0.15,0.8275862068965517,0.09300000000000352,False,False,False,False,False,True,False,False,False,False,0
2025,1,abu-dhabi,FORMULA 1 ETIHAD AIRWAYS ABU DHABI GRAND PRIX 2025 - RACE RESULT,LEC,Charles Leclerc,Ferrari,5,0.25,2,0.27586206896551724,0.6724137931034483,1,1,42.594,0.05,0.7758620689655172,0.0,False,False,True,False,False,False,False,False,False,False,0
2025,1,abu-dhabi,FORMULA 1 ETIHAD AIRWAYS ABU DHABI GRAND PRIX 2025 - RACE RESULT,RUS,George Russell,Mercedes,4,0.2,1,0.2413793103448276,0.2413793103448276,1,1,21.979,0.7,0.9827586206896551,1.8740000000000094,False,False,False,False,False,False,True,False,False,False,0
2025,1,abu-dhabi,FORMULA 1 ETIHAD AIRWAYS ABU DHABI GRAND PRIX 2025 - RACE RESULT,ALO,Fernando Alonso,Aston Martin,6,0.3,1,0.27586206896551724,0.27586206896551724,1,1,23.267,0.55,0.9310344827586207,1.554000000000002,False,True,False,False,False,False,False,False,False,False,0
2025,1,abu-dhabi,FORMULA 1 ETIHAD AIRWAYS ABU DHABI GRAND PRIX 2025 - RACE RESULT,OCO,Esteban Ocon,Haas F1 Team,8,0.4,1,0.3275862068965517,0.3275862068965517,1,1,22.254,0.75,0.9655172413793104,1.9300000000000068,False,False,False,True,False,False,False,False,False,False,0
2025,1,abu-dhabi,FORMULA 1 ETIHAD AIRWAYS ABU DHABI GRAND PRIX 2025 - RACE RESULT,HAM,Lewis Hamilton,Ferrari,16,0.8,2,0.13793103448275862,0.5344827586206896,1,1,43.018,0.5,0.6206896551724138,1.3689999999999998,False,False,True,False,False,False,False,False,False,False,0
2025,1,abu-dhabi,FORMULA 1 ETIHAD AIRWAYS ABU DHABI GRAND PRIX 2025 - RACE RESULT,HUL,Nico Hulkenberg,Kick Sauber,18,0.9,2,0.1206896551724138,0.7241379310344828,1,1,43.087,0.2,0.7931034482758621,0.32500000000000284,False,False,False,False,True,False,False,False,False,False,0
2025,1,abu-dhabi,FORMULA 1 ETIHAD AIRWAYS ABU DHABI GRAND PRIX 2025 - RACE RESULT,STR,Lance Stroll,Aston Martin,15,0.75,1,0.7241379310344828,0.7241379310344828,1,0,21.535,0.3,0.896551724137931,0.9010000000000105,False,True,False,False,False,False,False,False,False,False,0
2025,1,abu-dhabi,FORMULA 1 ETIHAD AIRWAYS ABU DHABI GRAND PRIX 2025 - RACE RESULT,BOR,Gabriel Bortoleto,Kick Sauber,7,0.35,1,0.25862068965517243,0.25862068965517243,1,1,22.121,0.95,0.8103448275862069,2.38900000000001,False,False,False,False,True,False,False,False,False,False,0
2025,1,abu-dhabi,FORMULA 1 ETIHAD AIRWAYS ABU DHABI GRAND PRIX 2025 - RACE RESULT,BEA,Oliver Bearman,Haas F1 Team,11,0.55,1,0.2413793103448276,0.2413793103448276,1,1,22.263,0.85,0.8620689655172413,2.2510000000000048,False,False,False,True,False,False,False,False,False,False,0
2025,1,abu-dhabi,FORMULA 1 ETIHAD AIRWAYS ABU DHABI GRAND PRIX 2025 - RACE RESULT,SAI,Carlos Sainz,Williams,12,0.6,1,0.3103448275862069,0.3103448275862069,1,1,21.799,0.9,0.8793103448275862,2.326999999999998,False,False,False,False,False,False,False,False,False,True,0
2025,1,abu-dhabi,FORMULA 1 ETIHAD AIRWAYS ABU DHABI GRAND PRIX 2025 - RACE RESULT,TSU,Yuki Tsunoda,Red Bull Racing,10,0.5,1,0.5517241379310345,0.5517241379310345,1,0,27.041,0.65,0.7586206896551724,1.8320000000000078,False,False,False,False,False,False,False,False,True,False,0
2025,1,abu-dhabi,FORMULA 1 ETIHAD AIRWAYS ABU DHABI GRAND PRIX 2025 - RACE RESULT,ANT,Kimi Antonelli,Mercedes,14,0.7,1,0.5517241379310345,0.5517241379310345,1,0,22.155,0.45,0.5862068965517241,1.304000000000002,False,False,False,False,False,False,True,False,False,False,0
2025,1,abu-dhabi,FORMULA 1 ETIHAD AIRWAYS ABU DHABI GRAND PRIX 2025 - RACE RESULT,ALB,Alexander Albon,Williams,17,0.85,2,0.13793103448275862,0.5689655172413793,1,1,43.046,0.6,0.7758620689655172,1.6420000000000101,False,False,False,False,False,False,False,False,False,True,0
2025,1,abu-dhabi,FORMULA 1 ETIHAD AIRWAYS ABU DHABI GRAND PRIX 2025 - RACE RESULT,HAD,Isack Hadjar,Racing Bulls,9,0.45,1,0.2413793103448276,0.2413793103448276,1,1,21.932,1.0,0.896551724137931,2.6500000000000057,False,False,False,False,False,False,False,True,False,False,0
2025,1,abu-dhabi,FORMULA 1 ETIHAD AIRWAYS ABU DHABI GRAND PRIX 2025 - RACE RESULT,LAW,Liam Lawson,Racing Bulls,13,0.65,1,0.3620689655172414,0.3620689655172414,1,1,28.369,0.8,0.6724137931034483,2.1610000000000014,False,False,False,False,False,False,False,True,False,False,0
2025,1,abu-dhabi,FORMULA 1 ETIHAD AIRWAYS ABU DHABI GRAND PRIX 2025 - RACE RESULT,GAS,Pierre Gasly,Alpine,19,0.95,2,0.22413793103448276,0.6896551724137931,1,1,44.819,0.4,0.8103448275862069,1.0420000000000016,True,False,False,False,False,False,False,False,False,False,0
2025,1,abu-dhabi,FORMULA 1 ETIHAD AIRWAYS ABU DHABI GRAND PRIX 2025 - RACE RESULT,COL,Franco Colapinto,Alpine,20,1.0,2,0.25862068965517243,0.6896551724137931,1,1,44.908,0.35,0.7413793103448276,0.9850000000000136,True,False,False,False,False,False,False,False,False,False,0
2025,2,australia,FORMULA 1 LOUIS VUITTON AUSTRALIAN GRAND PRIX 2025 - RACE RESULT,NOR,Lando Norris,McLaren,1,0.05,5,0.03508771929824561,0.7719298245614035,1,1,75.55,0.05,0.7543859649122807,0.0,False,False,False,False,False,True,False,False,False,False,1
2025,2,australia,FORMULA 1 LOUIS VUITTON AUSTRALIAN GRAND PRIX 2025 - RACE RESULT,VER,Max Verstappen,Red Bull Racing,3,0.15,5,0.03508771929824561,0.8070175438596491,1,1,77.515,0.15,0.7543859649122807,0.9140000000000015,False,False,False,False,False,False,False,False,True,False,0
2025,2,australia,FORMULA 1 LOUIS VUITTON AUSTRALIAN GRAND PRIX 2025 - RACE RESULT,RUS,George Russell,Mercedes,4,0.2,5,0.03508771929824561,0.7719298245614035,1,1,79.975,0.55,0.7543859649122807,2.897999999999996,False,False,False,False,False,False,True,False,False,False,0
2025,2,australia,FORMULA 1 LOUIS VUITTON AUSTRALIAN GRAND PRIX 2025 - RACE RESULT,ANT,Kimi Antonelli,Mercedes,16,0.8,5,0.03508771929824561,0.7719298245614035,1,1,85.865,0.45,0.7543859649122807,2.7339999999999947,False,False,False,False,False,False,True,False,False,False,0
2025,2,australia,FORMULA 1 LOUIS VUITTON AUSTRALIAN GRAND PRIX 2025 - RACE RESULT,ALB,Alexander Albon,Williams,6,0.3,5,0.03508771929824561,0.7719298245614035,1,1,83.823,0.4,0.7543859649122807,2.430000000000007,False,False,False,False,False,False,False,False,False,True,0
2025,2,australia,FORMULA 1 LOUIS VUITTON AUSTRALIAN GRAND PRIX 2025 - RACE RESULT,STR,Lance Stroll,Aston Martin,13,0.65,5,0.03508771929824561,0.7719298245614035,1,1,83.673,0.7,0.7543859649122807,3.370999999999995,False,True,False,False,False,False,False,False,False,False,0
2025,2,australia,FORMULA 1 LOUIS VUITTON AUSTRALIAN GRAND PRIX 2025 - RACE RESULT,HUL,Nico Hulkenberg,Kick Sauber,17,0.85,5,0.03508771929824561,0.7719298245614035,1,1,86.631,0.6,0.7543859649122807,3.0759999999999934,False,False,False,False,True,False,False,False,False,False,0
2025,2,australia,FORMULA 1 LOUIS VUITTON AUSTRALIAN GRAND PRIX 2025 - RACE RESULT,LEC,Charles Leclerc,Ferrari,7,0.35,5,0.03508771929824561,0.8245614035087719,1,1,85.614,0.65,0.7543859649122807,3.103999999999999,False,False,True,False,False,False,False,False,False,False,0
2025,2,australia,FORMULA 1 LOUIS VUITTON AUSTRALIAN GRAND PRIX 2025 - RACE RESULT,PIA,Oscar Piastri,McLaren,2,0.1,5,0.03508771929824561,0.7719298245614035,1,1,79.301,0.2,0.7543859649122807,1.0750000000000028,False,False,False,False,False,True,False,False,False,False,0
2025,2,australia,FORMULA 1 LOUIS VUITTON AUSTRALIAN GRAND PRIX 2025 - RACE RESULT,HAM,Lewis Hamilton,Ferrari,8,0.4,5,0.03508771929824561,0.8245614035087719,1,1,85.31,0.35,0.7543859649122807,2.051000000000002,False,False,True,False,False,False,False,False,False,False,0
2025,2,australia,FORMULA 1 LOUIS VUITTON AUSTRALIAN GRAND PRIX 2025 - RACE RESULT,GAS,Pierre Gasly,Alpine,9,0.45,5,0.03508771929824561,0.8070175438596491,1,1,84.629,0.5,0.7543859649122807,2.8529999999999944,True,False,False,False,False,False,False,False,False,False,0
2025,2,australia,FORMULA 1 LOUIS VUITTON AUSTRALIAN GRAND PRIX 2025 - RACE RESULT,TSU,Yuki Tsunoda,Racing Bulls,5,0.25,5,0.03508771929824561,0.8245614035087719,1,1,82.094,0.3,0.7543859649122807,2.027000000000001,False,False,False,False,False,False,False,True,False,False,0
2025,2,australia,FORMULA 1 LOUIS VUITTON AUSTRALIAN GRAND PRIX 2025 - RACE RESULT,OCO,Esteban Ocon,Haas F1 Team,19,0.95,5,0.03508771929824561,0.8070175438596491,1,1,89.157,0.75,0.7368421052631579,4.596999999999994,False,False,False,True,False,False,False,False,False,False,0
2025,2,australia,FORMULA 1 LOUIS VUITTON AUSTRALIAN GRAND PRIX 2025 - RACE RESULT,BEA,Oliver Bearman,Haas F1 Team,20,1.0,5,0.03508771929824561,0.7719298245614035,1,1,95.257,0.8,0.7368421052631579,5.436000000000007,False,False,False,True,False,False,False,False,False,False,0
2025,2,australia,FORMULA 1 LOUIS VUITTON AUSTRALIAN GRAND PRIX 2025 - RACE RESULT,LAW,Liam Lawson,Red Bull Racing,18,0.9,4,0.03508771929824561,0.5789473684210527,1,1,70.046,0.1,0.7543859649122807,0.8029999999999973,False,False,False,False,False,False,False,False,True,False,0
2025,2,australia,FORMULA 1 LOUIS VUITTON AUSTRALIAN GRAND PRIX 2025 - RACE RESULT,BOR,Gabriel Bortoleto,Kick Sauber,15,0.75,5,0.03508771929824561,0.7719298245614035,1,1,95.288,0.25,0.7543859649122807,2.0250000000000057,False,False,False,False,True,False,False,False,False,False,0
2025,2,australia,FORMULA 1 LOUIS VUITTON AUSTRALIAN GRAND PRIX 2025 - RACE RESULT,ALO,Fernando Alonso,Aston Martin,12,0.6,3,0.03508771929824561,0.07017543859649122,1,1,46.81,0.85,0.5614035087719298,6.652000000000001,False,True,False,False,False,False,False,False,False,False,0
2025,2,australia,FORMULA 1 LOUIS VUITTON AUSTRALIAN GRAND PRIX 2025 - RACE RESULT,SAI,Carlos Sainz,Williams,10,0.5,0,1.1,1.1,0,0,43.1755,0.5,0.8264915161466886,1.3554999999999993,False,False,False,False,False,False,False,False,False,True,0
2025,2,australia,FORMULA 1 LOUIS VUITTON AUSTRALIAN GRAND PRIX 2025 - RACE RESULT,DOO,Jack Doohan,Alpine,14,0.7,0,1.1,1.1,0,0,43.1755,0.5,0.8264915161466886,1.3554999999999993,True,False,False,False,False,False,False,False,False,False,0
2025,2,australia,FORMULA 1 LOUIS VUITTON AUSTRALIAN GRAND PRIX 2025 - RACE RESULT,HAD,Isack Hadjar,Racing Bulls,11,0.55,0,1.1,1.1,0,0,43.1755,0.5,0.8264915161466886,1.3554999999999993,False,False,False,False,False,False,False,True,False,False,0
2025,3,china,FORMULA 1 HEINEKEN CHINESE GRAND PRIX 2025 - RACE RESULT,PIA,Oscar Piastri,McLaren,1,0.05,1,0.25,0.25,1,1,23.938,0.15,0.9464285714285714,0.4510000000000076,False,False,False,False,False,True,False,False,False,False,1
2025,3,china,FORMULA 1 HEINEKEN CHINESE GRAND PRIX 2025 - RACE RESULT,NOR,Lando Norris,McLaren,3,0.15,1,0.26785714285714285,0.26785714285714285,1,1,22.213,0.05,0.9464285714285714,0.3850000000000051,False,False,False,False,False,True,False,False,False,False,0
2025,3,china,FORMULA 1 HEINEKEN CHINESE GRAND PRIX 2025 - RACE RESULT,RUS,George Russell,Mercedes,2,0.1,1,0.25,0.25,1,1,22.324,0.25,0.9821428571428571,0.7469999999999999,False,False,False,False,False,False,True,False,False,False,0
2025,3,china,FORMULA 1 HEINEKEN CHINESE GRAND PRIX 2025 - RACE RESULT,VER,Max Verstappen,Red Bull Racing,4,0.2,1,0.23214285714285715,0.23214285714285715,1,1,22.454,0.1,1.0,0.41899999999999693,False,False,False,False,False,False,False,False,True,False,0
2025,3,china,FORMULA 1 HEINEKEN CHINESE GRAND PRIX 2025 - RACE RESULT,OCO,Esteban Ocon,Haas F1 Team,11,0.55,1,0.19642857142857142,0.19642857142857142,1,1,23.114,0.2,1.0,0.6710000000000065,False,False,False,True,False,False,False,False,False,False,0
2025,3,china,FORMULA 1 HEINEKEN CHINESE GRAND PRIX 2025 - RACE RESULT,ANT,Kimi Antonelli,Mercedes,8,0.4,1,0.21428571428571427,0.21428571428571427,1,1,22.675,0.55,1.0,0.9769999999999897,False,False,False,False,False,False,True,False,False,False,0
2025,3,china,FORMULA 1 HEINEKEN CHINESE GRAND PRIX 2025 - RACE RESULT,ALB,Alexander Albon,Williams,10,0.5,1,0.35714285714285715,0.35714285714285715,1,1,23.362,0.6,0.9285714285714286,1.184999999999988,False,False,False,False,False,False,False,False,False,True,0
2025,3,china,FORMULA 1 HEINEKEN CHINESE GRAND PRIX 2025 - RACE RESULT,BEA,Oliver Bearman,Haas F1 Team,17,0.85,1,0.4642857142857143,0.4642857142857143,1,1,22.808,0.65,0.9285714285714286,1.293999999999997,False,False,False,True,False,False,False,False,False,False,0
2025,3,china,FORMULA 1 HEINEKEN CHINESE GRAND PRIX 2025 - RACE RESULT,STR,Lance Stroll,Aston Martin,14,0.7,1,0.6428571428571429,0.6428571428571429,1,0,22.995,0.5,0.6964285714285714,0.9749999999999943,False,True,False,False,False,False,False,False,False,False,0
2025,3,china,FORMULA 1 HEINEKEN CHINESE GRAND PRIX 2025 - RACE RESULT,SAI,Carlos Sainz,Williams,15,0.75,1,0.30357142857142855,0.30357142857142855,1,1,22.721,0.75,0.8928571428571429,1.7099999999999937,False,False,False,False,False,False,False,False,False,True,0
2025,3,china,FORMULA 1 HEINEKEN CHINESE GRAND PRIX 2025 - RACE RESULT,HAD,Isack Hadjar,Racing Bulls,7,0.35,2,0.21428571428571427,0.5892857142857143,1,1,45.13,0.3,0.625,0.7989999999999924,False,False,False,False,False,False,False,True,False,False,0
2025,3,china,FORMULA 1 HEINEKEN CHINESE GRAND PRIX 2025 - RACE RESULT,LAW,Liam Lawson,Red Bull Racing,20,1.0,2,0.32142857142857145,0.5357142857142857,1,1,44.891,0.45,0.5714285714285714,0.9159999999999968,False,False,False,False,False,False,False,False,True,False,0
2025,3,china,FORMULA 1 HEINEKEN CHINESE GRAND PRIX 2025 - RACE RESULT,DOO,Jack Doohan,Alpine,18,0.9,1,0.19642857142857142,0.19642857142857142,1,1,22.793,0.7,0.9285714285714286,1.355000000000004,True,False,False,False,False,False,False,False,False,False,0
2025,3,china,FORMULA 1 HEINEKEN CHINESE GRAND PRIX 2025 - RACE RESULT,BOR,Gabriel Bortoleto,Kick Sauber,19,0.95,2,0.017857142857142856,0.4642857142857143,1,1,46.175,0.4,0.5,0.8049999999999926,False,False,False,False,True,False,False,False,False,False,0
2025,3,china,FORMULA 1 HEINEKEN CHINESE GRAND PRIX 2025 - RACE RESULT,HUL,Nico Hulkenberg,Kick Sauber,12,0.6,1,0.35714285714285715,0.35714285714285715,1,1,22.959,0.8,0.625,2.206000000000003,False,False,False,False,True,False,False,False,False,False,0
2025,3,china,FORMULA 1 HEINEKEN CHINESE GRAND PRIX 2025 - RACE RESULT,TSU,Yuki Tsunoda,Racing Bulls,9,0.45,3,0.19642857142857142,0.8214285714285714,1,1,83.204,0.35,0.875,0.8020000000000067,False,False,False,False,False,False,False,True,False,False,0
2025,3,china,FORMULA 1 HEINEKEN CHINESE GRAND PRIX 2025 - RACE RESULT,ALO,Fernando Alonso,Aston Martin,13,0.65,0,1.1,1.1,0,0,43.1755,0.85,0.05357142857142857,4.186999999999998,False,True,False,False,False,False,False,False,False,False,0
2025,3,china,FORMULA 1 HEINEKEN CHINESE GRAND PRIX 2025 - RACE RESULT,LEC,Charles Leclerc,Ferrari,6,0.3,1,0.26785714285714285,0.26785714285714285,1,1,22.151,0.95,0.875,1.0879999999999939,False,False,True,False,False,False,False,False,False,False,0
2025,3,china,FORMULA 1 HEINEKEN CHINESE GRAND PRIX 2025 - RACE RESULT,HAM,Lewis Hamilton,Ferrari,5,0.25,2,0.23214285714285715,0.6607142857142857,1,1,44.752,0.9,0.7321428571428571,0.0,False,False,True,False,False,False,False,False,False,False,0
2025,3,china,FORMULA 1 HEINEKEN CHINESE GRAND PRIX 2025 - RACE RESULT,GAS,Pierre Gasly,Alpine,16,0.8,1,0.17857142857142858,0.17857142857142858,1,1,23.138,1.0,0.875,1.3559999999999945,True,False,False,False,False,False,False,False,False,False,0
2025,4,japan,FORMULA 1 LENOVO JAPANESE GRAND PRIX 2025  - RACE RESULT,VER,Max Verstappen,Red Bull Racing,1,0.05,1,0.39622641509433965,0.39622641509433965,1,1,24.397,0.15,0.9811320754716981,0.0759999999999934,False,False,False,False,False,False,False,False,True,False,1
2025,4,japan,FORMULA 1 LENOVO JAPANESE GRAND PRIX 2025  - RACE RESULT,NOR,Lando Norris,McLaren,2,0.1,1,0.39622641509433965,0.39622641509433965,1,1,23.222,0.25,0.9622641509433962,0.15099999999999625,False,False,False,False,False,True,False,False,False,False,0
2025,4,japan,FORMULA 1 LENOVO JAPANESE GRAND PRIX 2025  - RACE RESULT,PIA,Oscar Piastri,McLaren,3,0.15,1,0.37735849056603776,0.37735849056603776,1,1,23.037,0.1,1.0,0.07399999999999807,False,False,False,False,False,True,False,False,False,False,0
2025,4,japan,FORMULA 1 LENOVO JAPANESE GRAND PRIX 2025  - RACE RESULT,LEC,Charles Leclerc,Ferrari,4,0.2,1,0.39622641509433965,0.39622641509433965,1,1,23.346,0.5,0.8867924528301887,0.5039999999999907,False,False,True,False,False,False,False,False,False,False,0
2025,4,japan,FORMULA 1 LENOVO JAPANESE GRAND PRIX 2025  - RACE RESULT,RUS,George Russell,Mercedes,5,0.25,1,0.3584905660377358,0.3584905660377358,1,1,23.184,0.4,0.9622641509433962,0.3919999999999959,False,False,False,False,False,False,True,False,False,False,0
2025,4,japan,FORMULA 1 LENOVO JAPANESE GRAND PRIX 2025  - RACE RESULT,ANT,Kimi Antonelli,Mercedes,6,0.3,1,0.5849056603773585,0.5849056603773585,1,0,24.38,0.05,0.9433962264150944,0.0,False,False,False,False,False,False,True,False,False,False,0
2025,4,japan,FORMULA 1 LENOVO JAPANESE GRAND PRIX 2025  - RACE RESULT,HAM,Lewis Hamilton,Ferrari,8,0.4,1,0.5660377358490566,0.5660377358490566,1,0,22.937,0.45,0.9622641509433962,0.4410000000000025,False,False,True,False,False,False,False,False,False,False,0
2025,4,japan,FORMULA 1 LENOVO JAPANESE GRAND PRIX 2025  - RACE RESULT,HAD,Isack Hadjar,Racing Bulls,7,0.35,1,0.4716981132075472,0.4716981132075472,1,1,23.333,0.35,0.9811320754716981,0.35200000000000387,False,False,False,False,False,False,False,True,False,False,0
2025,4,japan,FORMULA 1 LENOVO JAPANESE GRAND PRIX 2025  - RACE RESULT,ALB,Alexander Albon,Williams,9,0.45,1,0.4528301886792453,0.4528301886792453,1,1,23.093,0.3,0.9811320754716981,0.1599999999999966,False,False,False,False,False,False,False,False,False,True,0
2025,4,japan,FORMULA 1 LENOVO JAPANESE GRAND PRIX 2025  - RACE RESULT,BEA,Oliver Bearman,Haas F1 Team,10,0.5,1,0.4339622641509434,0.4339622641509434,1,1,24.834,0.75,0.9245283018867925,1.0409999999999968,False,False,False,True,False,False,False,False,False,False,0
2025,4,japan,FORMULA 1 LENOVO JAPANESE GRAND PRIX 2025  - RACE RESULT,ALO,Fernando Alonso,Aston Martin,12,0.6,1,0.4528301886792453,0.4528301886792453,1,1,25.708,0.55,0.9622641509433962,0.8049999999999926,False,True,False,False,False,False,False,False,False,False,0
2025,4,japan,FORMULA 1 LENOVO JAPANESE GRAND PRIX 2025  - RACE RESULT,TSU,Yuki Tsunoda,Red Bull Racing,14,0.7,1,0.4339622641509434,0.4339622641509434,1,1,24.181,0.65,0.9622641509433962,0.9059999999999917,False,False,False,False,False,False,False,False,True,False,0
2025,4,japan,FORMULA 1 LENOVO JAPANESE GRAND PRIX 2025  - RACE RESULT,GAS,Pierre Gasly,Alpine,11,0.55,1,0.4528301886792453,0.4528301886792453,1,1,26.041,0.6,0.9811320754716981,0.8549999999999898,True,False,False,False,False,False,False,False,False,False,0
2025,4,japan,FORMULA 1 LENOVO JAPANESE GRAND PRIX 2025  - RACE RESULT,SAI,Carlos Sainz,Williams,15,0.75,1,0.6226415094339622,0.6226415094339622,1,0,23.337,0.2,0.6792452830188679,0.14099999999999113,False,False,False,False,False,False,False,False,False,True,0
2025,4,japan,FORMULA 1 LENOVO JAPANESE GRAND PRIX 2025  - RACE RESULT,DOO,Jack Doohan,Alpine,19,0.95,1,0.2830188679245283,0.2830188679245283,1,1,23.382,1.0,0.8867924528301887,1.7199999999999989,True,False,False,False,False,False,False,False,False,False,0
2025,4,japan,FORMULA 1 LENOVO JAPANESE GRAND PRIX 2025  - RACE RESULT,HUL,Nico Hulkenberg,Kick Sauber,16,0.8,1,0.41509433962264153,0.41509433962264153,1,1,23.515,0.95,0.5849056603773585,1.6069999999999993,False,False,False,False,True,False,False,False,False,False,0
2025,4,japan,FORMULA 1 LENOVO JAPANESE GRAND PRIX 2025  - RACE RESULT,LAW,Liam Lawson,Racing Bulls,13,0.65,1,0.6226415094339622,0.6226415094339622,1,0,23.662,0.85,0.7358490566037735,1.078000000000003,False,False,False,False,False,False,False,True,False,False,0
2025,4,japan,FORMULA 1 LENOVO JAPANESE GRAND PRIX 2025  - RACE RESULT,OCO,Esteban Ocon,Haas F1 Team,18,0.9,1,0.6037735849056604,0.6037735849056604,1,0,24.464,0.7,0.9056603773584906,1.0019999999999953,False,False,False,True,False,False,False,False,False,False,0
2025,4,japan,FORMULA 1 LENOVO JAPANESE GRAND PRIX 2025  - RACE RESULT,BOR,Gabriel Bortoleto,Kick Sauber,17,0.85,1,0.5849056603773585,0.5849056603773585,1,0,23.419,0.8,0.8490566037735849,1.0689999999999884,False,False,False,False,True,False,False,False,False,False,0
2025,4,japan,FORMULA 1 LENOVO JAPANESE GRAND PRIX 2025  - RACE RESULT,STR,Lance Stroll,Aston Martin,20,1.0,2,0.16981132075471697,0.5660377358490566,1,1,47.332,0.9,1.0,1.086999999999989,False,True,False,False,False,False,False,False,False,False,0
2025,5,bahrain,FORMULA 1 GULF AIR BAHRAIN GRAND PRIX 2025 - RACE RESULT,PIA,Oscar Piastri,McLaren,1,0.05,2,0.24561403508771928,0.5614035087719298,1,1,49.398,0.05,0.631578947368421,0.0,False,False,False,False,False,True,False,False,False,False,1
2025,5,bahrain,FORMULA 1 GULF AIR BAHRAIN GRAND PRIX 2025 - RACE RESULT,RUS,George Russell,Mercedes,3,0.15,2,0.22807017543859648,0.5614035087719298,1,1,48.144,0.1,0.631578947368421,0.3780000000000001,False,False,False,False,False,False,True,False,False,False,0
2025,5,bahrain,FORMULA 1 GULF AIR BAHRAIN GRAND PRIX 2025 - RACE RESULT,NOR,Lando Norris,McLaren,6,0.3,2,0.17543859649122806,0.5614035087719298,1,1,53.857,0.15,0.6666666666666666,0.5880000000000081,False,False,False,False,False,True,False,False,False,False,0
2025,5,bahrain,FORMULA 1 GULF AIR BAHRAIN GRAND PRIX 2025 - RACE RESULT,LEC,Charles Leclerc,Ferrari,2,0.1,2,0.2982456140350877,0.5614035087719298,1,1,49.043,0.2,0.631578947368421,0.9920000000000044,False,False,True,False,False,False,False,False,False,False,0
2025,5,bahrain,FORMULA 1 GULF AIR BAHRAIN GRAND PRIX 2025 - RACE RESULT,HAM,Lewis Hamilton,Ferrari,9,0.45,2,0.2982456140350877,0.5614035087719298,1,1,48.69,0.3,0.6491228070175439,1.0949999999999989,False,False,True,False,False,False,False,False,False,False,0
2025,5,bahrain,FORMULA 1 GULF AIR BAHRAIN GRAND PRIX 2025 - RACE RESULT,VER,Max Verstappen,Red Bull Racing,7,0.35,2,0.17543859649122806,0.45614035087719296,1,1,54.585,0.25,0.5087719298245614,1.027000000000001,False,False,False,False,False,False,False,False,True,False,0
2025,5,bahrain,FORMULA 1 GULF AIR BAHRAIN GRAND PRIX 2025 - RACE RESULT,GAS,Pierre Gasly,Alpine,4,0.2,2,0.17543859649122806,0.49122807017543857,1,1,49.991,0.35,0.6842105263157895,1.3910000000000053,True,False,False,False,False,False,False,False,False,False,0
2025,5,bahrain,FORMULA 1 GULF AIR BAHRAIN GRAND PRIX 2025 - RACE RESULT,OCO,Esteban Ocon,Haas F1 Team,14,0.7,2,0.14035087719298245,0.47368421052631576,1,1,49.708,0.6,0.5263157894736842,1.9579999999999984,False,False,False,True,False,False,False,False,False,False,0
2025,5,bahrain,FORMULA 1 GULF AIR BAHRAIN GRAND PRIX 2025 - RACE RESULT,TSU,Yuki Tsunoda,Red Bull Racing,10,0.5,2,0.19298245614035087,0.5614035087719298,1,1,51.264,0.7,0.7894736842105263,2.0849999999999937,False,False,False,False,False,False,False,False,True,False,0
2025,5,bahrain,FORMULA 1 GULF AIR BAHRAIN GRAND PRIX 2025 - RACE RESULT,BEA,Oliver Bearman,Haas F1 Team,20,1.0,2,0.24561403508771928,0.5614035087719298,1,1,49.457,0.75,0.7017543859649122,2.1629999999999967,False,False,False,True,False,False,False,False,False,False,0
2025,5,bahrain,FORMULA 1 GULF AIR BAHRAIN GRAND PRIX 2025 - RACE RESULT,ANT,Kimi Antonelli,Mercedes,5,0.25,3,0.21052631578947367,0.5614035087719298,1,1,74.006,0.45,0.5087719298245614,1.5499999999999972,False,False,False,False,False,False,True,False,False,False,0
2025,5,bahrain,FORMULA 1 GULF AIR BAHRAIN GRAND PRIX 2025 - RACE RESULT,ALB,Alexander Albon,Williams,15,0.75,2,0.2807017543859649,0.5614035087719298,1,1,51.384,0.65,0.8245614035087719,2.0009999999999906,False,False,False,False,False,False,False,False,False,True,0
2025,5,bahrain,FORMULA 1 GULF AIR BAHRAIN GRAND PRIX 2025 - RACE RESULT,HAD,Isack Hadjar,Racing Bulls,12,0.6,2,0.10526315789473684,0.49122807017543857,1,1,49.905,0.5,0.5263157894736842,1.8119999999999976,False,False,False,False,False,False,False,True,False,False,0
2025,5,bahrain,FORMULA 1 GULF AIR BAHRAIN GRAND PRIX 2025 - RACE RESULT,DOO,Jack Doohan,Alpine,11,0.55,2,0.15789473684210525,0.49122807017543857,1,1,49.884,0.4,0.543859649122807,1.5420000000000016,True,False,False,False,False,False,False,False,False,False,0
2025,5,bahrain,FORMULA 1 GULF AIR BAHRAIN GRAND PRIX 2025 - RACE RESULT,ALO,Fernando Alonso,Aston Martin,13,0.65,2,0.2807017543859649,0.5614035087719298,1,1,49.672,0.9,0.6666666666666666,2.7660000000000053,False,True,False,False,False,False,False,False,False,False,0
2025,5,bahrain,FORMULA 1 GULF AIR BAHRAIN GRAND PRIX 2025 - RACE RESULT,LAW,Liam Lawson,Racing Bulls,17,0.85,2,0.24561403508771928,0.5614035087719298,1,1,49.433,0.85,0.7719298245614035,2.239999999999995,False,False,False,False,False,False,False,True,False,False,0
2025,5,bahrain,FORMULA 1 GULF AIR BAHRAIN GRAND PRIX 2025 - RACE RESULT,STR,Lance Stroll,Aston Martin,19,0.95,2,0.21052631578947367,0.5614035087719298,1,1,49.203,1.0,0.6666666666666666,2.9239999999999924,False,True,False,False,False,False,False,False,False,False,0
2025,5,bahrain,FORMULA 1 GULF AIR BAHRAIN GRAND PRIX 2025 - RACE RESULT,BOR,Gabriel Bortoleto,Kick Sauber,18,0.9,2,0.22807017543859648,0.5614035087719298,1,1,49.539,0.95,0.6666666666666666,2.8659999999999997,False,False,False,False,True,False,False,False,False,False,0
2025,5,bahrain,FORMULA 1 GULF AIR BAHRAIN GRAND PRIX 2025 - RACE RESULT,SAI,Carlos Sainz,Williams,8,0.4,3,0.24561403508771928,0.7719298245614035,1,1,86.031,0.55,0.2807017543859649,1.8140000000000072,False,False,False,False,False,False,False,False,False,True,0
2025,5,bahrain,FORMULA 1 GULF AIR BAHRAIN GRAND PRIX 2025 - RACE RESULT,HUL,Nico Hulkenberg,Kick Sauber,16,0.8,2,0.08771929824561403,0.47368421052631576,1,1,48.52,0.8,0.5263157894736842,2.1979999999999933,False,False,False,False,True,False,False,False,False,False,0
2025,6,saudi-arabia,FORMULA 1 STC SAUDI ARABIAN GRAND PRIX 2025 - RACE RESULT,PIA,Oscar Piastri,McLaren,2,0.1,1,0.38,0.38,1,1,21.388,0.15,1.0,0.45000000000001705,False,False,False,False,False,True,False,False,False,False,1
2025,6,saudi-arabia,FORMULA 1 STC SAUDI ARABIAN GRAND PRIX 2025 - RACE RESULT,VER,Max Verstappen,Red Bull Racing,1,0.05,1,0.42,0.42,1,1,26.03,0.2,0.98,0.5020000000000095,False,False,False,False,False,False,False,False,True,False,0
2025,6,saudi-arabia,FORMULA 1 STC SAUDI ARABIAN GRAND PRIX 2025 - RACE RESULT,LEC,Charles Leclerc,Ferrari,4,0.2,1,0.58,0.58,1,0,20.131,0.1,0.98,0.4140000000000157,False,False,True,False,False,False,False,False,False,False,0
2025,6,saudi-arabia,FORMULA 1 STC SAUDI ARABIAN GRAND PRIX 2025 - RACE RESULT,NOR,Lando Norris,McLaren,10,0.5,1,0.68,0.68,1,0,20.427,0.05,0.82,0.0,False,False,False,False,False,True,False,False,False,False,0
2025,6,saudi-arabia,FORMULA 1 STC SAUDI ARABIAN GRAND PRIX 2025 - RACE RESULT,RUS,George Russell,Mercedes,3,0.15,1,0.4,0.4,1,1,20.329,0.45,0.64,1.115000000000009,False,False,False,False,False,False,True,False,False,False,0
2025,6,saudi-arabia,FORMULA 1 STC SAUDI ARABIAN GRAND PRIX 2025 - RACE RESULT,ANT,Kimi Antonelli,Mercedes,5,0.25,1,0.38,0.38,1,1,20.399,0.25,1.0,0.6180000000000092,False,False,False,False,False,False,True,False,False,False,0
2025,6,saudi-arabia,FORMULA 1 STC SAUDI ARABIAN GRAND PRIX 2025 - RACE RESULT,HAM,Lewis Hamilton,Ferrari,7,0.35,1,0.46,0.46,1,1,20.144,0.35,0.86,0.8220000000000027,False,False,True,False,False,False,False,False,False,False,0
2025,6,saudi-arabia,FORMULA 1 STC SAUDI ARABIAN GRAND PRIX 2025 - RACE RESULT,SAI,Carlos Sainz,Williams,6,0.3,1,0.42,0.42,1,1,24.148,0.3,1.0,0.6880000000000166,False,False,False,False,False,False,False,False,False,True,0
2025,6,saudi-arabia,FORMULA 1 STC SAUDI ARABIAN GRAND PRIX 2025 - RACE RESULT,ALB,Alexander Albon,Williams,11,0.55,1,0.44,0.44,1,1,22.135,0.8,0.94,1.6990000000000123,False,False,False,False,False,False,False,False,False,True,0
2025,6,saudi-arabia,FORMULA 1 STC SAUDI ARABIAN GRAND PRIX 2025 - RACE RESULT,HAD,Isack Hadjar,Racing Bulls,14,0.7,1,0.68,0.68,1,0,20.827,0.7,0.78,1.4790000000000134,False,False,False,False,False,False,False,True,False,False,0
2025,6,saudi-arabia,FORMULA 1 STC SAUDI ARABIAN GRAND PRIX 2025 - RACE RESULT,ALO,Fernando Alonso,Aston Martin,13,0.65,1,0.38,0.38,1,1,21.891,0.55,0.98,1.2310000000000088,False,True,False,False,False,False,False,False,False,False,0
2025,6,saudi-arabia,FORMULA 1 STC SAUDI ARABIAN GRAND PRIX 2025 - RACE RESULT,LAW,Liam Lawson,Racing Bulls,12,0.6,1,0.4,0.4,1,1,20.534,0.5,0.86,1.2199999999999989,False,False,False,False,False,False,False,True,False,False,0
2025,6,saudi-arabia,FORMULA 1 STC SAUDI ARABIAN GRAND PRIX 2025 - RACE RESULT,BEA,Oliver Bearman,Haas F1 Team,15,0.75,1,0.36,0.36,1,1,22.095,0.65,1.0,1.460000000000008,False,False,False,True,False,False,False,False,False,False,0
2025,6,saudi-arabia,FORMULA 1 STC SAUDI ARABIAN GRAND PRIX 2025 - RACE RESULT,OCO,Esteban Ocon,Haas F1 Team,19,0.95,1,0.02,0.02,1,1,21.512,0.85,0.94,2.531000000000006,False,False,False,True,False,False,False,False,False,False,0
2025,6,saudi-arabia,FORMULA 1 STC SAUDI ARABIAN GRAND PRIX 2025 - RACE RESULT,HUL,Nico Hulkenberg,Kick Sauber,18,0.9,1,0.66,0.66,1,0,20.441,0.75,0.78,1.6680000000000064,False,False,False,False,True,False,False,False,False,False,0
2025,6,saudi-arabia,FORMULA 1 STC SAUDI ARABIAN GRAND PRIX 2025 - RACE RESULT,STR,Lance Stroll,Aston Martin,16,0.8,1,0.78,0.78,1,0,20.487,0.4,0.88,0.967000000000013,False,True,False,False,False,False,False,False,False,False,0
2025,6,saudi-arabia,FORMULA 1 STC SAUDI ARABIAN GRAND PRIX 2025 - RACE RESULT,DOO,Jack Doohan,Alpine,17,0.85,2,0.02,0.64,1,1,42.092,0.6,0.98,1.372000000000014,True,False,False,False,False,False,False,False,False,False,0
2025,6,saudi-arabia,FORMULA 1 STC SAUDI ARABIAN GRAND PRIX 2025 - RACE RESULT,BOR,Gabriel Bortoleto,Kick Sauber,20,1.0,1,0.02,0.02,1,1,21.854,0.9,0.78,2.669000000000011,False,False,False,False,True,False,False,False,False,False,0
2025,6,saudi-arabia,FORMULA 1 STC SAUDI ARABIAN GRAND PRIX 2025 - RACE RESULT,TSU,Yuki Tsunoda,Red Bull Racing,8,0.4,0,1.1,1.1,0,0,43.1755,0.5,0.8264915161466886,1.3554999999999993,False,False,False,False,False,False,False,False,True,False,0
2025,6,saudi-arabia,FORMULA 1 STC SAUDI ARABIAN GRAND PRIX 2025 - RACE RESULT,GAS,Pierre Gasly,Alpine,9,0.45,0,1.1,1.1,0,0,43.1755,0.5,0.8264915161466886,1.3554999999999993,True,False,False,False,False,False,False,False,False,False,0
2025,7,miami,FORMULA 1 CRYPTO.COM MIAMI GRAND PRIX 2025 - RACE RESULT,PIA,Oscar Piastri,McLaren,4,0.2,1,0.5087719298245614,0.5087719298245614,1,0,22.106,0.1,0.6140350877192983,0.07600000000000762,False,False,False,False,False,True,False,False,False,False,1
2025,7,miami,FORMULA 1 CRYPTO.COM MIAMI GRAND PRIX 2025 - RACE RESULT,NOR,Lando Norris,McLaren,2,0.1,1,0.5087719298245614,0.5087719298245614,1,0,22.044,0.05,0.631578947368421,0.0,False,False,False,False,False,True,False,False,False,False,0
2025,7,miami,FORMULA 1 CRYPTO.COM MIAMI GRAND PRIX 2025 - RACE RESULT,RUS,George Russell,Mercedes,5,0.25,1,0.5087719298245614,0.5087719298245614,1,0,24.257,0.15,0.543859649122807,0.5720000000000027,False,False,False,False,False,False,True,False,False,False,0
2025,7,miami,FORMULA 1 CRYPTO.COM MIAMI GRAND PRIX 2025 - RACE RESULT,VER,Max Verstappen,Red Bull Racing,1,0.05,1,0.45614035087719296,0.45614035087719296,1,1,22.501,0.25,0.7192982456140351,0.7200000000000131,False,False,False,False,False,False,False,False,True,False,0
2025,7,miami,FORMULA 1 CRYPTO.COM MIAMI GRAND PRIX 2025 - RACE RESULT,ALB,Alexander Albon,Williams,7,0.35,1,0.45614035087719296,0.45614035087719296,1,1,21.906,0.3,0.9649122807017544,0.7360000000000042,False,False,False,False,False,False,False,False,False,True,0
2025,7,miami,FORMULA 1 CRYPTO.COM MIAMI GRAND PRIX 2025 - RACE RESULT,ANT,Kimi Antonelli,Mercedes,3,0.15,1,0.43859649122807015,0.43859649122807015,1,1,24.383,0.45,0.47368421052631576,1.0490000000000066,False,False,False,False,False,False,True,False,False,False,0
2025,7,miami,FORMULA 1 CRYPTO.COM MIAMI GRAND PRIX 2025 - RACE RESULT,LEC,Charles Leclerc,Ferrari,8,0.4,1,0.5087719298245614,0.5087719298245614,1,0,22.183,0.2,0.6140350877192983,0.7150000000000034,False,False,True,False,False,False,False,False,False,False,0
2025,7,miami,FORMULA 1 CRYPTO.COM MIAMI GRAND PRIX 2025 - RACE RESULT,HAM,Lewis Hamilton,Ferrari,12,0.6,1,0.49122807017543857,0.49122807017543857,1,1,23.104,0.35,0.6140350877192983,0.8160000000000025,False,False,True,False,False,False,False,False,False,False,0
2025,7,miami,FORMULA 1 CRYPTO.COM MIAMI GRAND PRIX 2025 - RACE RESULT,SAI,Carlos Sainz,Williams,6,0.3,1,0.43859649122807015,0.43859649122807015,1,1,22.415,0.4,0.6140350877192983,0.9570000000000078,False,False,False,False,False,False,False,False,False,True,0
2025,7,miami,FORMULA 1 CRYPTO.COM MIAMI GRAND PRIX 2025 - RACE RESULT,TSU,Yuki Tsunoda,Red Bull Racing,10,0.5,1,0.47368421052631576,0.47368421052631576,1,1,22.56,0.5,0.9649122807017544,1.2180000000000035,False,False,False,False,False,False,False,False,True,False,0
2025,7,miami,FORMULA 1 CRYPTO.COM MIAMI GRAND PRIX 2025 - RACE RESULT,HAD,Isack Hadjar,Racing Bulls,11,0.55,1,0.38596491228070173,0.38596491228070173,1,1,22.115,0.55,0.8947368421052632,1.2250000000000085,False,False,False,False,False,False,False,True,False,False,0
2025,7,miami,FORMULA 1 CRYPTO.COM MIAMI GRAND PRIX 2025 - RACE RESULT,OCO,Esteban Ocon,Haas F1 Team,9,0.45,1,0.40350877192982454,0.40350877192982454,1,1,23.162,0.65,0.5263157894736842,1.3760000000000048,False,False,False,True,False,False,False,False,False,False,0
2025,7,miami,FORMULA 1 CRYPTO.COM MIAMI GRAND PRIX 2025 - RACE RESULT,GAS,Pierre Gasly,Alpine,20,1.0,1,0.5614035087719298,0.5614035087719298,1,0,22.06,0.7,0.6140350877192983,1.4129999999999967,True,False,False,False,False,False,False,False,False,False,0
2025,7,miami,FORMULA 1 CRYPTO.COM MIAMI GRAND PRIX 2025 - RACE RESULT,HUL,Nico Hulkenberg,Kick Sauber,16,0.8,1,0.631578947368421,0.631578947368421,1,0,22.108,0.6,0.7543859649122807,1.2690000000000055,False,False,False,False,True,False,False,False,False,False,0
2025,7,miami,FORMULA 1 CRYPTO.COM MIAMI GRAND PRIX 2025 - RACE RESULT,ALO,Fernando Alonso,Aston Martin,17,0.85,1,0.49122807017543857,0.49122807017543857,1,1,23.602,0.75,0.6666666666666666,1.541000000000011,False,True,False,False,False,False,False,False,False,False,0
2025,7,miami,FORMULA 1 CRYPTO.COM MIAMI GRAND PRIX 2025 - RACE RESULT,STR,Lance Stroll,Aston Martin,18,0.9,1,0.3508771929824561,0.3508771929824561,1,1,22.317,0.8,0.8947368421052632,2.0230000000000103,False,True,False,False,False,False,False,False,False,False,0
2025,7,miami,FORMULA 1 CRYPTO.COM MIAMI GRAND PRIX 2025 - RACE RESULT,LAW,Liam Lawson,Racing Bulls,15,0.75,1,0.49122807017543857,0.49122807017543857,1,1,22.439,0.85,0.5263157894736842,2.024000000000001,False,False,False,False,False,False,False,True,False,False,0
2025,7,miami,FORMULA 1 CRYPTO.COM MIAMI GRAND PRIX 2025 - RACE RESULT,BOR,Gabriel Bortoleto,Kick Sauber,13,0.65,1,0.3333333333333333,0.3333333333333333,1,1,22.188,0.9,0.3684210526315789,2.582000000000008,False,False,False,False,True,False,False,False,False,False,0
2025,7,miami,FORMULA 1 CRYPTO.COM MIAMI GRAND PRIX 2025 - RACE RESULT,BEA,Oliver Bearman,Haas F1 Team,19,0.95,0,1.1,1.1,0,0,43.1755,0.95,0.42105263157894735,2.9340000000000117,False,False,False,True,False,False,False,False,False,False,0
2025,7,miami,FORMULA 1 CRYPTO.COM MIAMI GRAND PRIX 2025 - RACE RESULT,DOO,Jack Doohan,Alpine,14,0.7,0,1.1,1.1,0,0,43.1755,0.5,0.8264915161466886,1.3554999999999993,True,False,False,False,False,False,False,False,False,False,0
2025,8,emilia-romagna,FORMULA 1 AWS GRAN PREMIO DEL MADE IN ITALY E DELL'EMILIA-ROMAGNA 2025 - RACE RESULT,VER,Max Verstappen,Red Bull Racing,2,0.1,2,0.4603174603174603,0.7301587301587301,1,1,59.648,0.05,0.9206349206349206,0.0,False,False,False,False,False,False,False,False,True,False,1
2025,8,emilia-romagna,FORMULA 1 AWS GRAN PREMIO DEL MADE IN ITALY E DELL'EMILIA-ROMAGNA 2025 - RACE RESULT,NOR,Lando Norris,McLaren,4,0.2,2,0.4444444444444444,0.7301587301587301,1,1,61.188,0.2,1.0,0.3230000000000075,False,False,False,False,False,True,False,False,False,False,0
2025,8,emilia-romagna,FORMULA 1 AWS GRAN PREMIO DEL MADE IN ITALY E DELL'EMILIA-ROMAGNA 2025 - RACE RESULT,PIA,Oscar Piastri,McLaren,1,0.05,2,0.20634920634920634,0.47619047619047616,1,1,61.582,0.25,0.8888888888888888,0.9060000000000059,False,False,False,False,False,True,False,False,False,False,0
2025,8,emilia-romagna,FORMULA 1 AWS GRAN PREMIO DEL MADE IN ITALY E DELL'EMILIA-ROMAGNA 2025 - RACE RESULT,HAM,Lewis Hamilton,Ferrari,12,0.6,2,0.4603174603174603,0.7301587301587301,1,1,59.899,0.1,0.9682539682539683,0.277000000000001,False,False,True,False,False,False,False,False,False,False,0
2025,8,emilia-romagna,FORMULA 1 AWS GRAN PREMIO DEL MADE IN ITALY E DELL'EMILIA-ROMAGNA 2025 - RACE RESULT,ALB,Alexander Albon,Williams,7,0.35,2,0.4603174603174603,0.746031746031746,1,1,60.257,0.15,1.0,0.30100000000000193,False,False,False,False,False,False,False,False,False,True,0
2025,8,emilia-romagna,FORMULA 1 AWS GRAN PREMIO DEL MADE IN ITALY E DELL'EMILIA-ROMAGNA 2025 - RACE RESULT,LEC,Charles Leclerc,Ferrari,11,0.55,2,0.15873015873015872,0.4603174603174603,1,1,61.532,0.3,0.8888888888888888,1.0600000000000023,False,False,True,False,False,False,False,False,False,False,0
2025,8,emilia-romagna,FORMULA 1 AWS GRAN PREMIO DEL MADE IN ITALY E DELL'EMILIA-ROMAGNA 2025 - RACE RESULT,RUS,George Russell,Mercedes,3,0.15,2,0.1746031746031746,0.4603174603174603,1,1,60.538,0.45,0.873015873015873,1.7450000000000045,False,False,False,False,False,False,True,False,False,False,0
2025,8,emilia-romagna,FORMULA 1 AWS GRAN PREMIO DEL MADE IN ITALY E DELL'EMILIA-ROMAGNA 2025 - RACE RESULT,SAI,Carlos Sainz,Williams,6,0.3,2,0.1746031746031746,0.4603174603174603,1,1,60.715,0.5,0.9206349206349206,1.847999999999999,False,False,False,False,False,False,False,False,False,True,0
2025,8,emilia-romagna,FORMULA 1 AWS GRAN PREMIO DEL MADE IN ITALY E DELL'EMILIA-ROMAGNA 2025 - RACE RESULT,HAD,Isack Hadjar,Racing Bulls,9,0.45,2,0.4603174603174603,0.7301587301587301,1,1,60.219,0.35,0.9523809523809523,1.4849999999999994,False,False,False,False,False,False,False,True,False,False,0
2025,8,emilia-romagna,FORMULA 1 AWS GRAN PREMIO DEL MADE IN ITALY E DELL'EMILIA-ROMAGNA 2025 - RACE RESULT,TSU,Yuki Tsunoda,Red Bull Racing,20,1.0,1,0.4603174603174603,0.4603174603174603,1,1,29.807,0.6,0.9523809523809523,2.051000000000002,False,False,False,False,False,False,False,False,True,False,0
2025,8,emilia-romagna,FORMULA 1 AWS GRAN PREMIO DEL MADE IN ITALY E DELL'EMILIA-ROMAGNA 2025 - RACE RESULT,ALO,Fernando Alonso,Aston Martin,5,0.25,2,0.19047619047619047,0.7301587301587301,1,1,61.049,0.55,0.9682539682539683,1.906000000000006,False,True,False,False,False,False,False,False,False,False,0
2025,8,emilia-romagna,FORMULA 1 AWS GRAN PREMIO DEL MADE IN ITALY E DELL'EMILIA-ROMAGNA 2025 - RACE RESULT,HUL,Nico Hulkenberg,Kick Sauber,17,0.85,1,0.4603174603174603,0.4603174603174603,1,1,30.184,0.75,0.9841269841269841,2.4129999999999967,False,False,False,False,True,False,False,False,False,False,0
2025,8,emilia-romagna,FORMULA 1 AWS GRAN PREMIO DEL MADE IN ITALY E DELL'EMILIA-ROMAGNA 2025 - RACE RESULT,GAS,Pierre Gasly,Alpine,10,0.5,2,0.14285714285714285,0.4603174603174603,1,1,63.491,0.7,0.9206349206349206,2.4099999999999966,True,False,False,False,False,False,False,False,False,False,0
2025,8,emilia-romagna,FORMULA 1 AWS GRAN PREMIO DEL MADE IN ITALY E DELL'EMILIA-ROMAGNA 2025 - RACE RESULT,LAW,Liam Lawson,Racing Bulls,15,0.75,2,0.15873015873015872,0.4603174603174603,1,1,59.986,0.8,0.9523809523809523,2.4849999999999994,False,False,False,False,False,False,False,True,False,False,0
2025,8,emilia-romagna,FORMULA 1 AWS GRAN PREMIO DEL MADE IN ITALY E DELL'EMILIA-ROMAGNA 2025 - RACE RESULT,STR,Lance Stroll,Aston Martin,8,0.4,2,0.2222222222222222,0.7301587301587301,1,1,65.714,0.85,0.9206349206349206,2.5130000000000052,False,True,False,False,False,False,False,False,False,False,0
2025,8,emilia-romagna,FORMULA 1 AWS GRAN PREMIO DEL MADE IN ITALY E DELL'EMILIA-ROMAGNA 2025 - RACE RESULT,COL,Franco Colapinto,Alpine,16,0.8,2,0.3492063492063492,0.7301587301587301,1,1,61.424,0.65,0.9047619047619048,2.3569999999999993,True,False,False,False,False,False,False,False,False,False,0
2025,8,emilia-romagna,FORMULA 1 AWS GRAN PREMIO DEL MADE IN ITALY E DELL'EMILIA-ROMAGNA 2025 - RACE RESULT,BEA,Oliver Bearman,Haas F1 Team,19,0.95,2,0.4603174603174603,0.49206349206349204,1,1,88.171,0.4,0.8253968253968254,1.5330000000000013,False,False,False,True,False,False,False,False,False,False,0
2025,8,emilia-romagna,FORMULA 1 AWS GRAN PREMIO DEL MADE IN ITALY E DELL'EMILIA-ROMAGNA 2025 - RACE RESULT,BOR,Gabriel Bortoleto,Kick Sauber,14,0.7,3,0.19047619047619047,0.7301587301587301,1,1,91.428,0.95,0.9047619047619048,2.641999999999996,False,False,False,False,True,False,False,False,False,False,0
2025,8,emilia-romagna,FORMULA 1 AWS GRAN PREMIO DEL MADE IN ITALY E DELL'EMILIA-ROMAGNA 2025 - RACE RESULT,ANT,Kimi Antonelli,Mercedes,13,0.65,1,0.4603174603174603,0.4603174603174603,1,1,30.051,0.9,0.5238095238095238,2.632000000000005,False,False,False,False,False,False,True,False,False,False,0
2025,8,emilia-romagna,FORMULA 1 AWS GRAN PREMIO DEL MADE IN ITALY E DELL'EMILIA-ROMAGNA 2025 - RACE RESULT,OCO,Esteban Ocon,Haas F1 Team,18,0.9,1,0.015873015873015872,0.015873015873015872,1,1,30.506,1.0,0.047619047619047616,3.424999999999997,False,False,False,True,False,False,False,False,False,False,0
2025,9,monaco,FORMULA 1 TAG HEUER GRAND PRIX DE MONACO 2025 - RACE RESULT,NOR,Lando Norris,McLaren,1,0.05,2,0.24358974358974358,0.6410256410256411,1,1,48.249,0.05,1.0,0.0,False,False,False,False,False,True,False,False,False,False,1
2025,9,monaco,FORMULA 1 TAG HEUER GRAND PRIX DE MONACO 2025 - RACE RESULT,LEC,Charles Leclerc,Ferrari,2,0.1,2,0.28205128205128205,0.6282051282051282,1,1,47.254,0.3,0.46153846153846156,0.8340000000000032,False,False,True,False,False,False,False,False,False,False,0
2025,9,monaco,FORMULA 1 TAG HEUER GRAND PRIX DE MONACO 2025 - RACE RESULT,PIA,Oscar Piastri,McLaren,3,0.15,2,0.2564102564102564,0.6153846153846154,1,1,49.664,0.2,0.7692307692307693,0.5240000000000009,False,False,False,False,False,True,False,False,False,False,0
2025,9,monaco,FORMULA 1 TAG HEUER GRAND PRIX DE MONACO 2025 - RACE RESULT,VER,Max Verstappen,Red Bull Racing,4,0.2,2,0.358974358974359,0.9871794871794872,1,1,48.064,0.4,0.5769230769230769,1.0090000000000003,False,False,False,False,False,False,False,False,True,False,0
2025,9,monaco,FORMULA 1 TAG HEUER GRAND PRIX DE MONACO 2025 - RACE RESULT,HAM,Lewis Hamilton,Ferrari,7,0.35,2,0.23076923076923078,0.717948717948718,1,1,47.821,0.35,0.9358974358974359,0.8689999999999998,False,False,True,False,False,False,False,False,False,False,0
2025,9,monaco,FORMULA 1 TAG HEUER GRAND PRIX DE MONACO 2025 - RACE RESULT,HAD,Isack Hadjar,Racing Bulls,5,0.25,2,0.1794871794871795,0.24358974358974358,1,1,48.342,0.95,0.20512820512820512,2.759999999999991,False,False,False,False,False,False,False,True,False,False,0
2025,9,monaco,FORMULA 1 TAG HEUER GRAND PRIX DE MONACO 2025 - RACE RESULT,OCO,Esteban Ocon,Haas F1 Team,8,0.4,2,0.20512820512820512,0.358974358974359,1,1,50.348,0.7,0.4358974358974359,1.9359999999999928,False,False,False,True,False,False,False,False,False,False,0
2025,9,monaco,FORMULA 1 TAG HEUER GRAND PRIX DE MONACO 2025 - RACE RESULT,LAW,Liam Lawson,Racing Bulls,9,0.45,2,0.3974358974358974,0.5128205128205128,1,1,48.526,0.85,0.7051282051282052,2.0999999999999943,False,False,False,False,False,False,False,True,False,False,0
2025,9,monaco,FORMULA 1 TAG HEUER GRAND PRIX DE MONACO 2025 - RACE RESULT,ALB,Alexander Albon,Williams,10,0.5,2,0.41025641025641024,0.5128205128205128,1,1,48.117,0.45,0.9743589743589743,1.3759999999999906,False,False,False,False,False,False,False,False,False,True,0
2025,9,monaco,FORMULA 1 TAG HEUER GRAND PRIX DE MONACO 2025 - RACE RESULT,SAI,Carlos Sainz,Williams,11,0.55,2,0.6153846153846154,0.6794871794871795,1,0,48.547,0.25,0.8974358974358975,0.7669999999999959,False,False,False,False,False,False,False,False,False,True,0
2025,9,monaco,FORMULA 1 TAG HEUER GRAND PRIX DE MONACO 2025 - RACE RESULT,RUS,George Russell,Mercedes,14,0.7,2,0.7948717948717948,0.8717948717948718,1,0,49.088,0.1,0.9743589743589743,0.1839999999999975,False,False,False,False,False,False,True,False,False,False,0
2025,9,monaco,FORMULA 1 TAG HEUER GRAND PRIX DE MONACO 2025 - RACE RESULT,BEA,Oliver Bearman,Haas F1 Team,20,1.0,2,0.01282051282051282,0.21794871794871795,1,1,74.771,0.5,0.07692307692307693,1.6340000000000003,False,False,False,True,False,False,False,False,False,False,0
2025,9,monaco,FORMULA 1 TAG HEUER GRAND PRIX DE MONACO 2025 - RACE RESULT,COL,Franco Colapinto,Alpine,18,0.9,2,0.16666666666666666,0.3333333333333333,1,1,48.852,0.8,0.3974358974358974,2.076999999999998,True,False,False,False,False,False,False,False,False,False,0
2025,9,monaco,FORMULA 1 TAG HEUER GRAND PRIX DE MONACO 2025 - RACE RESULT,BOR,Gabriel Bortoleto,Kick Sauber,16,0.8,3,0.01282051282051282,0.44871794871794873,1,1,85.972,0.6,0.48717948717948717,1.6629999999999967,False,False,False,False,True,False,False,False,False,False,0
2025,9,monaco,FORMULA 1 TAG HEUER GRAND PRIX DE MONACO 2025 - RACE RESULT,STR,Lance Stroll,Aston Martin,19,0.95,2,0.21794871794871795,0.8205128205128205,1,1,49.894,0.55,0.8846153846153846,1.6559999999999917,False,True,False,False,False,False,False,False,False,False,0
2025,9,monaco,FORMULA 1 TAG HEUER GRAND PRIX DE MONACO 2025 - RACE RESULT,HUL,Nico Hulkenberg,Kick Sauber,13,0.65,2,0.15384615384615385,0.5641025641025641,1,1,48.462,0.75,0.6282051282051282,2.0019999999999953,False,False,False,False,True,False,False,False,False,False,0
2025,9,monaco,FORMULA 1 TAG HEUER GRAND PRIX DE MONACO 2025 - RACE RESULT,TSU,Yuki Tsunoda,Red Bull Racing,12,0.6,2,0.01282051282051282,0.9358974358974359,1,1,48.611,0.65,0.9871794871794872,1.691999999999993,False,False,False,False,False,False,False,False,True,False,0
2025,9,monaco,FORMULA 1 TAG HEUER GRAND PRIX DE MONACO 2025 - RACE RESULT,ANT,Kimi Antonelli,Mercedes,15,0.75,2,0.8846153846153846,0.9102564102564102,1,0,49.294,0.15,0.9871794871794872,0.29699999999999704,False,False,False,False,False,False,True,False,False,False,0
2025,9,monaco,FORMULA 1 TAG HEUER GRAND PRIX DE MONACO 2025 - RACE RESULT,ALO,Fernando Alonso,Aston Martin,6,0.3,1,0.20512820512820512,0.20512820512820512,1,1,25.375,0.9,0.19230769230769232,2.372,False,True,False,False,False,False,False,False,False,False,0
2025,9,monaco,FORMULA 1 TAG HEUER GRAND PRIX DE MONACO 2025 - RACE RESULT,GAS,Pierre Gasly,Alpine,17,0.85,1,0.01282051282051282,0.01282051282051282,1,1,24.376,1.0,0.07692307692307693,4.832999999999998,True,False,False,False,False,False,False,False,False,False,0
2025,10,spain,FORMULA 1 ARAMCO GRAN PREMIO DE ESPAÑA 2025 - RACE RESULT,PIA,Oscar Piastri,McLaren,1,0.05263157894736842,3,0.3333333333333333,0.8333333333333334,1,1,66.444,0.05263157894736842,0.9242424242424242,0.0,False,False,False,False,False,True,False,False,False,False,1
2025,10,spain,FORMULA 1 ARAMCO GRAN PREMIO DE ESPAÑA 2025 - RACE RESULT,NOR,Lando Norris,McLaren,2,0.10526315789473684,3,0.3181818181818182,0.8333333333333334,1,1,67.879,0.10526315789473684,0.9242424242424242,0.4440000000000026,False,False,False,False,False,True,False,False,False,False,0
2025,10,spain,FORMULA 1 ARAMCO GRAN PREMIO DE ESPAÑA 2025 - RACE RESULT,LEC,Charles Leclerc,Ferrari,7,0.3684210526315789,3,0.25757575757575757,0.8333333333333334,1,1,66.139,0.2631578947368421,0.9393939393939394,1.5160000000000053,False,False,True,False,False,False,False,False,False,False,0
2025,10,spain,FORMULA 1 ARAMCO GRAN PREMIO DE ESPAÑA 2025 - RACE RESULT,RUS,George Russell,Mercedes,4,0.21052631578947367,3,0.30303030303030304,0.8333333333333334,1,1,66.658,0.21052631578947367,0.9393939393939394,1.5010000000000048,False,False,False,False,False,False,True,False,False,False,0
2025,10,spain,FORMULA 1 ARAMCO GRAN PREMIO DE ESPAÑA 2025 - RACE RESULT,HUL,Nico Hulkenberg,Kick Sauber,15,0.7894736842105263,3,0.13636363636363635,0.8484848484848485,1,1,65.986,0.3157894736842105,0.9545454545454546,1.8320000000000078,False,False,False,False,True,False,False,False,False,False,0
2025,10,spain,FORMULA 1 ARAMCO GRAN PREMIO DE ESPAÑA 2025 - RACE RESULT,HAM,Lewis Hamilton,Ferrari,5,0.2631578947368421,3,0.24242424242424243,0.8333333333333334,1,1,69.203,0.3684210526315789,0.9393939393939394,1.963000000000008,False,False,True,False,False,False,False,False,False,False,0
2025,10,spain,FORMULA 1 ARAMCO GRAN PREMIO DE ESPAÑA 2025 - RACE RESULT,HAD,Isack Hadjar,Racing Bulls,9,0.47368421052631576,3,0.2878787878787879,0.8333333333333334,1,1,65.629,0.42105263157894735,0.9545454545454546,2.027000000000001,False,False,False,False,False,False,False,True,False,False,0
2025,10,spain,FORMULA 1 ARAMCO GRAN PREMIO DE ESPAÑA 2025 - RACE RESULT,GAS,Pierre Gasly,Alpine,8,0.42105263157894735,3,0.15151515151515152,0.8333333333333334,1,1,67.048,0.47368421052631576,0.9545454545454546,2.153000000000006,True,False,False,False,False,False,False,False,False,False,0
2025,10,spain,FORMULA 1 ARAMCO GRAN PREMIO DE ESPAÑA 2025 - RACE RESULT,ALO,Fernando Alonso,Aston Martin,10,0.5263157894736842,3,0.22727272727272727,0.8181818181818182,1,1,67.24,0.5789473684210527,1.0,2.385000000000005,False,True,False,False,False,False,False,False,False,False,0
2025,10,spain,FORMULA 1 ARAMCO GRAN PREMIO DE ESPAÑA 2025 - RACE RESULT,VER,Max Verstappen,Red Bull Racing,3,0.15789473684210525,4,0.19696969696969696,0.8333333333333334,1,1,87.801,0.15789473684210525,0.9393939393939394,1.2760000000000105,False,False,False,False,False,False,False,False,True,False,0
2025,10,spain,FORMULA 1 ARAMCO GRAN PREMIO DE ESPAÑA 2025 - RACE RESULT,LAW,Liam Lawson,Racing Bulls,13,0.6842105263157895,2,0.2727272727272727,0.6666666666666666,1,1,44.166,0.9473684210526315,0.9393939393939394,3.6810000000000116,False,False,False,False,False,False,False,True,False,False,0
2025,10,spain,FORMULA 1 ARAMCO GRAN PREMIO DE ESPAÑA 2025 - RACE RESULT,BOR,Gabriel Bortoleto,Kick Sauber,12,0.631578947368421,2,0.2878787878787879,0.7424242424242424,1,1,44.994,0.6842105263157895,0.7878787878787878,2.554000000000002,False,False,False,False,True,False,False,False,False,False,0
2025,10,spain,FORMULA 1 ARAMCO GRAN PREMIO DE ESPAÑA 2025 - RACE RESULT,TSU,Yuki Tsunoda,Red Bull Racing,19,1.0,4,0.12121212121212122,0.8181818181818182,1,1,88.029,0.5263157894736842,0.7121212121212122,2.2550000000000097,False,False,False,False,False,False,False,False,True,False,0
2025,10,spain,FORMULA 1 ARAMCO GRAN PREMIO DE ESPAÑA 2025 - RACE RESULT,SAI,Carlos Sainz,Williams,17,0.8947368421052632,3,0.13636363636363635,0.8333333333333334,1,1,74.877,0.8947368421052632,0.9848484848484849,3.5740000000000123,False,False,False,False,False,False,False,False,False,True,0
2025,10,spain,FORMULA 1 ARAMCO GRAN PREMIO DE ESPAÑA 2025 - RACE RESULT,COL,Franco Colapinto,Alpine,18,0.9473684210526315,3,0.21212121212121213,0.8181818181818182,1,1,66.484,0.7368421052631579,0.6363636363636364,2.6100000000000136,True,False,False,False,False,False,False,False,False,False,0
2025,10,spain,FORMULA 1 ARAMCO GRAN PREMIO DE ESPAÑA 2025 - RACE RESULT,OCO,Esteban Ocon,Haas F1 Team,16,0.8421052631578947,2,0.30303030303030304,0.6515151515151515,1,1,45.022,0.7894736842105263,0.7121212121212122,2.8810000000000002,False,False,False,True,False,False,False,False,False,False,0
2025,10,spain,FORMULA 1 ARAMCO GRAN PREMIO DE ESPAÑA 2025 - RACE RESULT,BEA,Oliver Bearman,Haas F1 Team,14,0.7368421052631579,3,0.12121212121212122,0.8181818181818182,1,1,67.044,0.8421052631578947,0.9545454545454546,3.1640000000000015,False,False,False,True,False,False,False,False,False,False,0
2025,10,spain,FORMULA 1 ARAMCO GRAN PREMIO DE ESPAÑA 2025 - RACE RESULT,ANT,Kimi Antonelli,Mercedes,6,0.3157894736842105,2,0.3181818181818182,0.7424242424242424,1,1,45.691,0.631578947368421,0.7878787878787878,2.5120000000000005,False,False,False,False,False,False,True,False,False,False,0
2025,10,spain,FORMULA 1 ARAMCO GRAN PREMIO DE ESPAÑA 2025 - RACE RESULT,ALB,Alexander Albon,Williams,11,0.5789473684210527,2,0.09090909090909091,0.3939393939393939,1,1,68.497,1.0,0.13636363636363635,4.765000000000001,False,False,False,False,False,False,False,False,False,True,0
2025,11,canada,FORMULA 1 PIRELLI GRAND PRIX DU CANADA 2025 - RACE RESULT,RUS,George Russell,Mercedes,1,0.05,2,0.18571428571428572,0.6,1,1,47.493,0.05,0.9,0.0,False,False,False,False,False,False,True,False,False,False,1
2025,11,canada,FORMULA 1 PIRELLI GRAND PRIX DU CANADA 2025 - RACE RESULT,VER,Max Verstappen,Red Bull Racing,2,0.1,2,0.17142857142857143,0.5285714285714286,1,1,46.725,0.25,0.8857142857142857,0.16800000000000637,False,False,False,False,False,False,False,False,True,False,0
2025,11,canada,FORMULA 1 PIRELLI GRAND PRIX DU CANADA 2025 - RACE RESULT,ANT,Kimi Antonelli,Mercedes,4,0.2,2,0.2,0.5428571428571428,1,1,46.736,0.35,0.8571428571428571,0.3359999999999985,False,False,False,False,False,False,True,False,False,False,0
2025,11,canada,FORMULA 1 PIRELLI GRAND PRIX DU CANADA 2025 - RACE RESULT,PIA,Oscar Piastri,McLaren,3,0.15,3,0.22857142857142856,0.9571428571428572,1,1,72.804,0.15,0.9142857142857143,0.13599999999999568,False,False,False,False,False,True,False,False,False,False,0
2025,11,canada,FORMULA 1 PIRELLI GRAND PRIX DU CANADA 2025 - RACE RESULT,LEC,Charles Leclerc,Ferrari,8,0.4,2,0.4,0.7571428571428571,1,1,47.219,0.2,0.8142857142857143,0.1419999999999959,False,False,True,False,False,False,False,False,False,False,0
2025,11,canada,FORMULA 1 PIRELLI GRAND PRIX DU CANADA 2025 - RACE RESULT,HAM,Lewis Hamilton,Ferrari,5,0.25,2,0.21428571428571427,0.6428571428571429,1,1,46.942,0.45,0.9142857142857143,0.686000000000007,False,False,True,False,False,False,False,False,False,False,0
2025,11,canada,FORMULA 1 PIRELLI GRAND PRIX DU CANADA 2025 - RACE RESULT,ALO,Fernando Alonso,Aston Martin,6,0.3,2,0.21428571428571427,0.7142857142857143,1,1,47.43,0.6,0.8285714285714286,0.9050000000000011,False,True,False,False,False,False,False,False,False,False,0
2025,11,canada,FORMULA 1 PIRELLI GRAND PRIX DU CANADA 2025 - RACE RESULT,HUL,Nico Hulkenberg,Kick Sauber,11,0.55,1,0.2714285714285714,0.2714285714285714,1,1,23.476,0.7,0.9285714285714286,1.2530000000000001,False,False,False,False,True,False,False,False,False,False,0
2025,11,canada,FORMULA 1 PIRELLI GRAND PRIX DU CANADA 2025 - RACE RESULT,OCO,Esteban Ocon,Haas F1 Team,14,0.7,1,0.8142857142857143,0.8142857142857143,1,0,24.452,0.4,0.8857142857142857,0.47400000000000375,False,False,False,True,False,False,False,False,False,False,0
2025,11,canada,FORMULA 1 PIRELLI GRAND PRIX DU CANADA 2025 - RACE RESULT,SAI,Carlos Sainz,Williams,16,0.8,1,0.8142857142857143,0.8142857142857143,1,0,23.269,0.3,0.8571428571428571,0.269999999999996,False,False,False,False,False,False,False,False,False,True,0
2025,11,canada,FORMULA 1 PIRELLI GRAND PRIX DU CANADA 2025 - RACE RESULT,BEA,Oliver Bearman,Haas F1 Team,13,0.65,2,0.2571428571428571,0.9428571428571428,1,1,51.547,0.75,0.9,1.2780000000000058,False,False,False,True,False,False,False,False,False,False,0
2025,11,canada,FORMULA 1 PIRELLI GRAND PRIX DU CANADA 2025 - RACE RESULT,TSU,Yuki Tsunoda,Red Bull Racing,18,0.9,1,0.8,0.8,1,0,25.178,0.65,0.8571428571428571,1.2390000000000043,False,False,False,False,False,False,False,False,True,False,0
2025,11,canada,FORMULA 1 PIRELLI GRAND PRIX DU CANADA 2025 - RACE RESULT,COL,Franco Colapinto,Alpine,10,0.5,1,0.2,0.2,1,1,24.735,0.85,0.7571428571428571,1.9569999999999936,True,False,False,False,False,False,False,False,False,False,0
2025,11,canada,FORMULA 1 PIRELLI GRAND PRIX DU CANADA 2025 - RACE RESULT,BOR,Gabriel Bortoleto,Kick Sauber,15,0.75,1,0.7,0.7,1,0,23.715,0.8,0.8142857142857143,1.2950000000000017,False,False,False,False,True,False,False,False,False,False,0
2025,11,canada,FORMULA 1 PIRELLI GRAND PRIX DU CANADA 2025 - RACE RESULT,GAS,Pierre Gasly,Alpine,20,1.0,1,0.7571428571428571,0.7571428571428571,1,0,23.987,0.55,0.9142857142857143,0.8739999999999952,True,False,False,False,False,False,False,False,False,False,0
2025,11,canada,FORMULA 1 PIRELLI GRAND PRIX DU CANADA 2025 - RACE RESULT,HAD,Isack Hadjar,Racing Bulls,12,0.6,2,0.18571428571428572,0.9428571428571428,1,1,47.823,0.95,0.7285714285714285,2.173000000000002,False,False,False,False,False,False,False,True,False,False,0
2025,11,canada,FORMULA 1 PIRELLI GRAND PRIX DU CANADA 2025 - RACE RESULT,STR,Lance Stroll,Aston Martin,17,0.85,3,0.34285714285714286,0.9428571428571428,1,1,82.256,0.5,0.8285714285714286,0.7830000000000013,False,True,False,False,False,False,False,False,False,False,0
2025,11,canada,FORMULA 1 PIRELLI GRAND PRIX DU CANADA 2025 - RACE RESULT,NOR,Lando Norris,McLaren,7,0.35,2,0.4142857142857143,0.6714285714285714,1,1,46.694,0.1,0.9285714285714286,0.10999999999999943,False,False,False,False,False,True,False,False,False,False,0
2025,11,canada,FORMULA 1 PIRELLI GRAND PRIX DU CANADA 2025 - RACE RESULT,LAW,Liam Lawson,Racing Bulls,19,0.95,1,0.5428571428571428,0.5428571428571428,1,0,23.28,1.0,0.7571428571428571,2.2009999999999934,False,False,False,False,False,False,False,True,False,False,0
2025,11,canada,FORMULA 1 PIRELLI GRAND PRIX DU CANADA 2025 - RACE RESULT,ALB,Alexander Albon,Williams,9,0.45,1,0.32857142857142857,0.32857142857142857,1,1,23.898,0.9,0.44285714285714284,2.078000000000003,False,False,False,False,False,False,False,False,False,True,0
2025,12,austria,FORMULA 1 MSC CRUISES AUSTRIAN GRAND PRIX 2025 - RACE RESULT,NOR,Lando Norris,McLaren,1,0.05,2,0.2857142857142857,0.7428571428571429,1,1,43.558,0.1,0.8714285714285714,0.347999999999999,False,False,False,False,False,True,False,False,False,False,1
2025,12,austria,FORMULA 1 MSC CRUISES AUSTRIAN GRAND PRIX 2025 - RACE RESULT,PIA,Oscar Piastri,McLaren,3,0.15,2,0.34285714285714286,0.7571428571428571,1,1,43.632,0.05,0.8428571428571429,0.0,False,False,False,False,False,True,False,False,False,False,0
2025,12,austria,FORMULA 1 MSC CRUISES AUSTRIAN GRAND PRIX 2025 - RACE RESULT,LEC,Charles Leclerc,Ferrari,2,0.1,2,0.35714285714285715,0.7,1,1,42.844,0.2,0.8,0.840999999999994,False,False,True,False,False,False,False,False,False,False,0
2025,12,austria,FORMULA 1 MSC CRUISES AUSTRIAN GRAND PRIX 2025 - RACE RESULT,HAM,Lewis Hamilton,Ferrari,4,0.2,2,0.37142857142857144,0.7142857142857143,1,1,42.445,0.15,0.7571428571428571,0.7039999999999935,False,False,True,False,False,False,False,False,False,False,0
2025,12,austria,FORMULA 1 MSC CRUISES AUSTRIAN GRAND PRIX 2025 - RACE RESULT,RUS,George Russell,Mercedes,5,0.25,2,0.2571428571428571,0.6428571428571429,1,1,43.198,0.35,0.6714285714285714,1.4479999999999933,False,False,False,False,False,False,True,False,False,False,0
2025,12,austria,FORMULA 1 MSC CRUISES AUSTRIAN GRAND PRIX 2025 - RACE RESULT,LAW,Liam Lawson,Racing Bulls,6,0.3,1,0.45714285714285713,0.45714285714285713,1,1,21.434,0.7,0.8285714285714286,2.0529999999999973,False,False,False,False,False,False,False,True,False,False,0
2025,12,austria,FORMULA 1 MSC CRUISES AUSTRIAN GRAND PRIX 2025 - RACE RESULT,ALO,Fernando Alonso,Aston Martin,11,0.55,1,0.4714285714285714,0.4714285714285714,1,1,21.865,0.6,0.5571428571428572,2.0109999999999957,False,True,False,False,False,False,False,False,False,False,0
2025,12,austria,FORMULA 1 MSC CRUISES AUSTRIAN GRAND PRIX 2025 - RACE RESULT,BOR,Gabriel Bortoleto,Kick Sauber,8,0.4,2,0.3,0.7,1,1,42.962,0.3,0.8571428571428571,1.3229999999999933,False,False,False,False,True,False,False,False,False,False,0
2025,12,austria,FORMULA 1 MSC CRUISES AUSTRIAN GRAND PRIX 2025 - RACE RESULT,HUL,Nico Hulkenberg,Kick Sauber,20,1.0,2,0.17142857142857143,0.6,1,1,42.281,0.4,0.8142857142857143,1.5349999999999966,False,False,False,False,True,False,False,False,False,False,0
2025,12,austria,FORMULA 1 MSC CRUISES AUSTRIAN GRAND PRIX 2025 - RACE RESULT,OCO,Esteban Ocon,Haas F1 Team,17,0.85,2,0.2714285714285714,0.7142857142857143,1,1,45.472,0.45,0.7857142857142857,1.6259999999999906,False,False,False,True,False,False,False,False,False,False,0
2025,12,austria,FORMULA 1 MSC CRUISES AUSTRIAN GRAND PRIX 2025 - RACE RESULT,BEA,Oliver Bearman,Haas F1 Team,15,0.75,2,0.15714285714285714,0.5571428571428572,1,1,43.681,0.65,0.6142857142857143,2.0360000000000014,False,False,False,True,False,False,False,False,False,False,0
2025,12,austria,FORMULA 1 MSC CRUISES AUSTRIAN GRAND PRIX 2025 - RACE RESULT,HAD,Isack Hadjar,Racing Bulls,13,0.65,2,0.02857142857142857,0.4,1,1,42.977,0.8,0.5714285714285714,2.280000000000001,False,False,False,False,False,False,False,True,False,False,0
2025,12,austria,FORMULA 1 MSC CRUISES AUSTRIAN GRAND PRIX 2025 - RACE RESULT,GAS,Pierre Gasly,Alpine,10,0.5,2,0.17142857142857143,0.5428571428571428,1,1,44.064,0.75,0.6714285714285714,2.2269999999999897,True,False,False,False,False,False,False,False,False,False,0
2025,12,austria,FORMULA 1 MSC CRUISES AUSTRIAN GRAND PRIX 2025 - RACE RESULT,STR,Lance Stroll,Aston Martin,16,0.8,2,0.37142857142857144,0.7571428571428571,1,1,44.67,0.25,0.8,1.289999999999992,False,True,False,False,False,False,False,False,False,False,0
2025,12,austria,FORMULA 1 MSC CRUISES AUSTRIAN GRAND PRIX 2025 - RACE RESULT,COL,Franco Colapinto,Alpine,14,0.7,2,0.18571428571428572,0.5571428571428572,1,1,44.125,0.5,0.6428571428571429,1.6969999999999885,True,False,False,False,False,False,False,False,False,False,0
2025,12,austria,FORMULA 1 MSC CRUISES AUSTRIAN GRAND PRIX 2025 - RACE RESULT,TSU,Yuki Tsunoda,Red Bull Racing,18,0.9,3,0.2571428571428571,0.8571428571428571,1,1,84.135,0.55,0.9,1.877999999999986,False,False,False,False,False,False,False,False,True,False,0
2025,12,austria,FORMULA 1 MSC CRUISES AUSTRIAN GRAND PRIX 2025 - RACE RESULT,ALB,Alexander Albon,Williams,12,0.6,1,0.18571428571428572,0.18571428571428572,1,1,21.21,0.85,0.12857142857142856,2.7169999999999987,False,False,False,False,False,False,False,False,False,True,0
2025,12,austria,FORMULA 1 MSC CRUISES AUSTRIAN GRAND PRIX 2025 - RACE RESULT,VER,Max Verstappen,Red Bull Racing,7,0.35,0,1.1,1.1,0,0,43.1755,0.5,0.8264915161466886,1.3554999999999993,False,False,False,False,False,False,False,False,True,False,0
2025,12,austria,FORMULA 1 MSC CRUISES AUSTRIAN GRAND PRIX 2025 - RACE RESULT,ANT,Kimi Antonelli,Mercedes,9,0.45,0,1.1,1.1,0,0,43.1755,0.5,0.8264915161466886,1.3554999999999993,False,False,False,False,False,False,True,False,False,False,0
2025,12,austria,FORMULA 1 MSC CRUISES AUSTRIAN GRAND PRIX 2025 - RACE RESULT,SAI,Carlos Sainz,Williams,19,0.95,0,1.1,1.1,0,0,43.1755,0.5,0.8264915161466886,1.3554999999999993,False,False,False,False,False,False,False,False,False,True,0
2025,13,great-britain,FORMULA 1 QATAR AIRWAYS BRITISH GRAND PRIX 2025 - RACE RESULT,NOR,Lando Norris,McLaren,3,0.15,2,0.21153846153846154,0.8461538461538461,1,1,58.844,0.1,0.9230769230769231,0.39700000000000557,False,False,False,False,False,True,False,False,False,False,1
2025,13,great-britain,FORMULA 1 QATAR AIRWAYS BRITISH GRAND PRIX 2025 - RACE RESULT,PIA,Oscar Piastri,McLaren,2,0.1,2,0.21153846153846154,0.8269230769230769,1,1,69.771,0.05,0.9807692307692307,0.0,False,False,False,False,False,True,False,False,False,False,0
2025,13,great-britain,FORMULA 1 QATAR AIRWAYS BRITISH GRAND PRIX 2025 - RACE RESULT,HUL,Nico Hulkenberg,Kick Sauber,19,0.95,2,0.17307692307692307,0.8076923076923077,1,1,59.688,0.7,0.9807692307692307,1.5959999999999894,False,False,False,False,True,False,False,False,False,False,0
2025,13,great-britain,FORMULA 1 QATAR AIRWAYS BRITISH GRAND PRIX 2025 - RACE RESULT,HAM,Lewis Hamilton,Ferrari,5,0.25,2,0.21153846153846154,0.7884615384615384,1,1,58.044,0.15,0.9423076923076923,0.6789999999999878,False,False,True,False,False,False,False,False,False,False,0
2025,13,great-britain,FORMULA 1 QATAR AIRWAYS BRITISH GRAND PRIX 2025 - RACE RESULT,VER,Max Verstappen,Red Bull Racing,1,0.05,2,0.21153846153846154,0.7884615384615384,1,1,57.871,0.25,0.9423076923076923,0.8419999999999987,False,False,False,False,False,False,False,False,True,False,0
2025,13,great-britain,FORMULA 1 QATAR AIRWAYS BRITISH GRAND PRIX 2025 - RACE RESULT,GAS,Pierre Gasly,Alpine,8,0.4,2,0.21153846153846154,0.7884615384615384,1,1,57.381,0.4,0.9230769230769231,1.4140000000000015,True,False,False,False,False,False,False,False,False,False,0
2025,13,great-britain,FORMULA 1 QATAR AIRWAYS BRITISH GRAND PRIX 2025 - RACE RESULT,STR,Lance Stroll,Aston Martin,17,0.85,3,0.11538461538461539,0.7884615384615384,1,1,86.531,0.75,0.9615384615384616,2.7509999999999906,False,True,False,False,False,False,False,False,False,False,0
2025,13,great-britain,FORMULA 1 QATAR AIRWAYS BRITISH GRAND PRIX 2025 - RACE RESULT,ALB,Alexander Albon,Williams,13,0.65,2,0.23076923076923078,0.8076923076923077,1,1,58.543,0.2,0.9615384615384616,0.7099999999999937,False,False,False,False,False,False,False,False,False,True,0
2025,13,great-britain,FORMULA 1 QATAR AIRWAYS BRITISH GRAND PRIX 2025 - RACE RESULT,ALO,Fernando Alonso,Aston Martin,7,0.35,2,0.21153846153846154,0.7115384615384616,1,1,57.241,0.3,0.9423076923076923,1.0160000000000053,False,True,False,False,False,False,False,False,False,False,0
2025,13,great-britain,FORMULA 1 QATAR AIRWAYS BRITISH GRAND PRIX 2025 - RACE RESULT,RUS,George Russell,Mercedes,4,0.2,2,0.19230769230769232,0.7307692307692307,1,1,56.852,0.55,0.9807692307692307,1.5319999999999965,False,False,False,False,False,False,True,False,False,False,0
2025,13,great-britain,FORMULA 1 QATAR AIRWAYS BRITISH GRAND PRIX 2025 - RACE RESULT,BEA,Oliver Bearman,Haas F1 Team,18,0.9,2,0.19230769230769232,0.7884615384615384,1,1,58.291,0.65,0.9615384615384616,1.583999999999989,False,False,False,True,False,False,False,False,False,False,0
2025,13,great-britain,FORMULA 1 QATAR AIRWAYS BRITISH GRAND PRIX 2025 - RACE RESULT,SAI,Carlos Sainz,Williams,9,0.45,2,0.21153846153846154,0.7884615384615384,1,1,58.209,0.35,1.0,1.3079999999999927,False,False,False,False,False,False,False,False,False,True,0
2025,13,great-britain,FORMULA 1 QATAR AIRWAYS BRITISH GRAND PRIX 2025 - RACE RESULT,OCO,Esteban Ocon,Haas F1 Team,14,0.7,2,0.34615384615384615,0.8076923076923077,1,1,58.208,0.45,1.0,1.4809999999999945,False,False,False,True,False,False,False,False,False,False,0
2025,13,great-britain,FORMULA 1 QATAR AIRWAYS BRITISH GRAND PRIX 2025 - RACE RESULT,LEC,Charles Leclerc,Ferrari,6,0.3,2,0.19230769230769232,0.8076923076923077,1,1,57.929,0.5,0.9615384615384616,1.4819999999999993,False,False,True,False,False,False,False,False,False,False,0
2025,13,great-britain,FORMULA 1 QATAR AIRWAYS BRITISH GRAND PRIX 2025 - RACE RESULT,TSU,Yuki Tsunoda,Red Bull Racing,11,0.55,1,0.21153846153846154,0.21153846153846154,1,1,28.544,0.6,0.9615384615384616,1.5360000000000014,False,False,False,False,False,False,False,False,True,False,0
2025,13,great-britain,FORMULA 1 QATAR AIRWAYS BRITISH GRAND PRIX 2025 - RACE RESULT,ANT,Kimi Antonelli,Mercedes,10,0.5,3,0.038461538461538464,0.38461538461538464,1,1,87.156,0.85,0.15384615384615385,16.23899999999999,False,False,False,False,False,False,True,False,False,False,0
2025,13,great-britain,FORMULA 1 QATAR AIRWAYS BRITISH GRAND PRIX 2025 - RACE RESULT,HAD,Isack Hadjar,Racing Bulls,12,0.6,1,0.19230769230769232,0.19230769230769232,1,1,28.523,0.8,0.17307692307692307,12.367999999999995,False,False,False,False,False,False,False,True,False,False,0
2025,13,great-britain,FORMULA 1 QATAR AIRWAYS BRITISH GRAND PRIX 2025 - RACE RESULT,BOR,Gabriel Bortoleto,Kick Sauber,16,0.8,0,1.1,1.1,0,0,43.1755,0.9,0.057692307692307696,46.784000000000006,False,False,False,False,True,False,False,False,False,False,0
2025,13,great-britain,FORMULA 1 QATAR AIRWAYS BRITISH GRAND PRIX 2025 - RACE RESULT,LAW,Liam Lawson,Racing Bulls,15,0.75,0,1.1,1.1,0,0,43.1755,0.5,0.8264915161466886,1.3554999999999993,False,False,False,False,False,False,False,True,False,False,0
2025,13,great-britain,FORMULA 1 QATAR AIRWAYS BRITISH GRAND PRIX 2025 - RACE RESULT,COL,Franco Colapinto,Alpine,20,1.0,0,1.1,1.1,0,0,43.1755,0.5,0.8264915161466886,1.3554999999999993,True,False,False,False,False,False,False,False,False,False,0
2025,14,belgium,FORMULA 1 MOËT & CHANDON BELGIAN GRAND PRIX 2025 - RACE RESULT,PIA,Oscar Piastri,McLaren,2,0.1,1,0.2727272727272727,0.2727272727272727,1,1,23.844,0.2,0.9772727272727273,0.8450000000000131,False,False,False,False,False,True,False,False,False,False,1
2025,14,belgium,FORMULA 1 MOËT & CHANDON BELGIAN GRAND PRIX 2025 - RACE RESULT,NOR,Lando Norris,McLaren,1,0.05,1,0.29545454545454547,0.29545454545454547,1,1,24.376,0.15,0.9545454545454546,0.396000000000015,False,False,False,False,False,True,False,False,False,False,0
2025,14,belgium,FORMULA 1 MOËT & CHANDON BELGIAN GRAND PRIX 2025 - RACE RESULT,LEC,Charles Leclerc,Ferrari,3,0.15,1,0.2727272727272727,0.2727272727272727,1,1,23.806,0.45,0.9090909090909091,1.3130000000000166,False,False,True,False,False,False,False,False,False,False,0
2025,14,belgium,FORMULA 1 MOËT & CHANDON BELGIAN GRAND PRIX 2025 - RACE RESULT,VER,Max Verstappen,Red Bull Racing,4,0.2,1,0.2727272727272727,0.2727272727272727,1,1,25.913,0.35,0.9090909090909091,1.2350000000000136,False,False,False,False,False,False,False,False,True,False,0
2025,14,belgium,FORMULA 1 MOËT & CHANDON BELGIAN GRAND PRIX 2025 - RACE RESULT,RUS,George Russell,Mercedes,6,0.3,1,0.2727272727272727,0.2727272727272727,1,1,23.635,0.55,0.9772727272727273,1.7050000000000125,False,False,False,False,False,False,True,False,False,False,0
2025,14,belgium,FORMULA 1 MOËT & CHANDON BELGIAN GRAND PRIX 2025 - RACE RESULT,ALB,Alexander Albon,Williams,5,0.25,0,1.1,1.1,0,0,43.1755,0.75,0.8636363636363636,1.9520000000000124,False,False,False,False,False,False,False,False,False,True,0
2025,14,belgium,FORMULA 1 MOËT & CHANDON BELGIAN GRAND PRIX 2025 - RACE RESULT,HAM,Lewis Hamilton,Ferrari,18,0.9,1,0.25,0.25,1,1,23.284,0.5,0.9772727272727273,1.6730000000000018,False,False,True,False,False,False,False,False,False,False,0
2025,14,belgium,FORMULA 1 MOËT & CHANDON BELGIAN GRAND PRIX 2025 - RACE RESULT,LAW,Liam Lawson,Racing Bulls,9,0.45,1,0.2727272727272727,0.2727272727272727,1,1,23.269,0.6,0.8636363636363636,1.788000000000011,False,False,False,False,False,False,False,True,False,False,0
2025,14,belgium,FORMULA 1 MOËT & CHANDON BELGIAN GRAND PRIX 2025 - RACE RESULT,BOR,Gabriel Bortoleto,Kick Sauber,10,0.5,1,0.2727272727272727,0.2727272727272727,1,1,23.274,0.8,0.9318181818181818,2.105000000000018,False,False,False,False,True,False,False,False,False,False,0
2025,14,belgium,FORMULA 1 MOËT & CHANDON BELGIAN GRAND PRIX 2025 - RACE RESULT,GAS,Pierre Gasly,Alpine,13,0.65,1,0.25,0.25,1,1,26.825,0.85,0.9545454545454546,2.3160000000000025,True,False,False,False,False,False,False,False,False,False,0
2025,14,belgium,FORMULA 1 MOËT & CHANDON BELGIAN GRAND PRIX 2025 - RACE RESULT,BEA,Oliver Bearman,Haas F1 Team,12,0.6,1,0.2727272727272727,0.2727272727272727,1,1,24.13,0.65,0.9772727272727273,1.8480000000000132,False,False,False,True,False,False,False,False,False,False,0
2025,14,belgium,FORMULA 1 MOËT & CHANDON BELGIAN GRAND PRIX 2025 - RACE RESULT,HUL,Nico Hulkenberg,Kick Sauber,14,0.7,2,0.25,0.7272727272727273,1,1,47.489,0.1,0.8863636363636364,0.20700000000000784,False,False,False,False,True,False,False,False,False,False,0
2025,14,belgium,FORMULA 1 MOËT & CHANDON BELGIAN GRAND PRIX 2025 - RACE RESULT,TSU,Yuki Tsunoda,Red Bull Racing,7,0.35,1,0.29545454545454547,0.29545454545454547,1,1,23.33,0.95,0.9545454545454546,2.3800000000000097,False,False,False,False,False,False,False,False,True,False,0
2025,14,belgium,FORMULA 1 MOËT & CHANDON BELGIAN GRAND PRIX 2025 - RACE RESULT,STR,Lance Stroll,Aston Martin,16,0.8,1,0.2727272727272727,0.2727272727272727,1,1,23.787,0.9,0.8636363636363636,2.3510000000000133,False,True,False,False,False,False,False,False,False,False,0
2025,14,belgium,FORMULA 1 MOËT & CHANDON BELGIAN GRAND PRIX 2025 - RACE RESULT,OCO,Esteban Ocon,Haas F1 Team,11,0.55,1,0.29545454545454547,0.29545454545454547,1,1,23.802,0.7,1.0,1.8830000000000098,False,False,False,True,False,False,False,False,False,False,0
2025,14,belgium,FORMULA 1 MOËT & CHANDON BELGIAN GRAND PRIX 2025 - RACE RESULT,ANT,Kimi Antonelli,Mercedes,19,0.95,2,0.2727272727272727,0.6818181818181818,1,1,46.668,0.05,0.7272727272727273,0.0,False,False,False,False,False,False,True,False,False,False,0
2025,14,belgium,FORMULA 1 MOËT & CHANDON BELGIAN GRAND PRIX 2025 - RACE RESULT,ALO,Fernando Alonso,Aston Martin,20,1.0,2,0.25,0.6590909090909091,1,1,47.096,0.25,0.7272727272727273,0.9879999999999995,False,True,False,False,False,False,False,False,False,False,0
2025,14,belgium,FORMULA 1 MOËT & CHANDON BELGIAN GRAND PRIX 2025 - RACE RESULT,SAI,Carlos Sainz,Williams,17,0.85,2,0.2727272727272727,0.5909090909090909,1,1,51.298,0.3,0.6818181818181818,1.2120000000000175,False,False,False,False,False,False,False,False,False,True,0
2025,14,belgium,FORMULA 1 MOËT & CHANDON BELGIAN GRAND PRIX 2025 - RACE RESULT,COL,Franco Colapinto,Alpine,15,0.75,2,0.2727272727272727,0.6363636363636364,1,1,47.114,0.4,0.6818181818181818,1.2430000000000092,True,False,False,False,False,False,False,False,False,False,0
2025,14,belgium,FORMULA 1 MOËT & CHANDON BELGIAN GRAND PRIX 2025 - RACE RESULT,HAD,Isack Hadjar,Racing Bulls,8,0.4,2,0.29545454545454547,0.45454545454545453,1,1,46.956,1.0,1.0,2.8060000000000116,False,False,False,False,False,False,False,True,False,False,0
2025,15,hungary,FORMULA 1 LENOVO HUNGARIAN GRAND PRIX 2025 - RACE RESULT,NOR,Lando Norris,McLaren,3,0.15,1,0.44285714285714284,0.44285714285714284,1,1,20.94,0.25,0.8142857142857143,0.5090000000000146,False,False,False,False,False,True,False,False,False,False,1
2025,15,hungary,FORMULA 1 LENOVO HUNGARIAN GRAND PRIX 2025 - RACE RESULT,PIA,Oscar Piastri,McLaren,2,0.1,2,0.2571428571428571,0.6428571428571429,1,1,42.085,0.1,0.8,0.0030000000000143245,False,False,False,False,False,True,False,False,False,False,0
2025,15,hungary,FORMULA 1 LENOVO HUNGARIAN GRAND PRIX 2025 - RACE RESULT,RUS,George Russell,Mercedes,4,0.2,2,0.2714285714285714,0.6142857142857143,1,1,43.153,0.05,0.6428571428571429,0.0,False,False,False,False,False,False,True,False,False,False,0
2025,15,hungary,FORMULA 1 LENOVO HUNGARIAN GRAND PRIX 2025 - RACE RESULT,LEC,Charles Leclerc,Ferrari,1,0.05,2,0.2714285714285714,0.5714285714285714,1,1,42.266,0.45,0.6714285714285714,1.031000000000006,False,False,True,False,False,False,False,False,False,False,0
2025,15,hungary,FORMULA 1 LENOVO HUNGARIAN GRAND PRIX 2025 - RACE RESULT,ALO,Fernando Alonso,Aston Martin,5,0.25,1,0.5571428571428572,0.5571428571428572,1,0,22.204,0.4,0.7714285714285715,0.7040000000000077,False,True,False,False,False,False,False,False,False,False,0
2025,15,hungary,FORMULA 1 LENOVO HUNGARIAN GRAND PRIX 2025 - RACE RESULT,BOR,Gabriel Bortoleto,Kick Sauber,7,0.35,1,0.5714285714285714,0.5714285714285714,1,0,21.773,0.55,0.6857142857142857,1.2960000000000065,False,False,False,False,True,False,False,False,False,False,0
2025,15,hungary,FORMULA 1 LENOVO HUNGARIAN GRAND PRIX 2025 - RACE RESULT,STR,Lance Stroll,Aston Martin,6,0.3,1,0.5142857142857142,0.5142857142857142,1,0,21.464,0.6,0.7857142857142857,1.2990000000000066,False,True,False,False,False,False,False,False,False,False,0
2025,15,hungary,FORMULA 1 LENOVO HUNGARIAN GRAND PRIX 2025 - RACE RESULT,LAW,Liam Lawson,Racing Bulls,9,0.45,1,0.5714285714285714,0.5714285714285714,1,0,22.136,0.5,0.8,1.0480000000000018,False,False,False,False,False,False,False,True,False,False,0
2025,15,hungary,FORMULA 1 LENOVO HUNGARIAN GRAND PRIX 2025 - RACE RESULT,VER,Max Verstappen,Red Bull Racing,8,0.4,2,0.24285714285714285,0.6857142857142857,1,1,42.691,0.15,0.7142857142857143,0.1670000000000016,False,False,False,False,False,False,False,False,True,False,0
2025,15,hungary,FORMULA 1 LENOVO HUNGARIAN GRAND PRIX 2025 - RACE RESULT,ANT,Kimi Antonelli,Mercedes,15,0.75,1,0.3,0.3,1,1,22.328,0.65,0.7714285714285715,1.3360000000000127,False,False,False,False,False,False,True,False,False,False,0
2025,15,hungary,FORMULA 1 LENOVO HUNGARIAN GRAND PRIX 2025 - RACE RESULT,HAD,Isack Hadjar,Racing Bulls,10,0.5,1,0.4714285714285714,0.4714285714285714,1,1,21.096,0.75,0.6857142857142857,1.3930000000000007,False,False,False,False,False,False,False,True,False,False,0
2025,15,hungary,FORMULA 1 LENOVO HUNGARIAN GRAND PRIX 2025 - RACE RESULT,HAM,Lewis Hamilton,Ferrari,12,0.6,1,0.6,0.6,1,0,21.15,0.35,0.7857142857142857,0.6129999999999995,False,False,True,False,False,False,False,False,False,False,0
2025,15,hungary,FORMULA 1 LENOVO HUNGARIAN GRAND PRIX 2025 - RACE RESULT,HUL,Nico Hulkenberg,Kick Sauber,18,0.9,2,0.07142857142857142,0.5857142857142857,1,1,50.371,0.3,0.9714285714285714,0.6040000000000134,False,False,False,False,True,False,False,False,False,False,0
2025,15,hungary,FORMULA 1 LENOVO HUNGARIAN GRAND PRIX 2025 - RACE RESULT,SAI,Carlos Sainz,Williams,13,0.65,2,0.21428571428571427,0.7285714285714285,1,1,43.093,0.2,0.7714285714285715,0.3810000000000002,False,False,False,False,False,False,False,False,False,True,0
2025,15,hungary,FORMULA 1 LENOVO HUNGARIAN GRAND PRIX 2025 - RACE RESULT,ALB,Alexander Albon,Williams,19,0.95,2,0.2,0.5428571428571428,1,1,44.071,0.7,0.7142857142857143,1.3700000000000045,False,False,False,False,False,False,False,False,False,True,0
2025,15,hungary,FORMULA 1 LENOVO HUNGARIAN GRAND PRIX 2025 - RACE RESULT,OCO,Esteban Ocon,Haas F1 Team,17,0.85,1,0.2,0.2,1,1,22.444,0.95,0.24285714285714285,2.507000000000005,False,False,False,True,False,False,False,False,False,False,0
2025,15,hungary,FORMULA 1 LENOVO HUNGARIAN GRAND PRIX 2025 - RACE RESULT,TSU,Yuki Tsunoda,Red Bull Racing,20,1.0,2,0.2857142857142857,0.5285714285714286,1,1,42.836,0.85,0.6714285714285714,1.771000000000015,False,False,False,False,False,False,False,False,True,False,0
2025,15,hungary,FORMULA 1 LENOVO HUNGARIAN GRAND PRIX 2025 - RACE RESULT,COL,Franco Colapinto,Alpine,14,0.7,2,0.18571428571428572,0.5,1,1,56.528,0.8,0.5428571428571428,1.4180000000000064,True,False,False,False,False,False,False,False,False,False,0
2025,15,hungary,FORMULA 1 LENOVO HUNGARIAN GRAND PRIX 2025 - RACE RESULT,GAS,Pierre Gasly,Alpine,16,0.8,1,0.45714285714285713,0.45714285714285713,1,1,21.699,0.9,0.6571428571428571,2.024000000000001,True,False,False,False,False,False,False,False,False,False,0
2025,15,hungary,FORMULA 1 LENOVO HUNGARIAN GRAND PRIX 2025 - RACE RESULT,BEA,Oliver Bearman,Haas F1 Team,11,0.55,1,0.42857142857142855,0.42857142857142855,1,1,21.754,1.0,0.5285714285714286,2.5800000000000125,False,False,False,True,False,False,False,False,False,False,0
