year,round,race_slug,race_name,total_laps,driver_number,driver_code,driver_name,team_name,grid_position,grid_time,final_position_raw,final_position,laps_completed,time_or_status,race_time,points,pit_stops,first_pit_lap,last_pit_lap,total_pit_time,fastest_lap_rank,fastest_lap_lap,fastest_lap_time,fastest_lap_avg_speed,is_winner
2025,1,abu-dhabi,FORMULA 1 ETIHAD AIRWAYS ABU DHABI GRAND PRIX 2025 - RACE RESULT,58,1,VER,Max Verstappen,Red Bull Racing,1,1:22.207,1,1,58,1:26:07.469,1:26:07.469,25,1,23,23,21.703,5,39,1:27.625,216.965,1
2025,1,abu-dhabi,FORMULA 1 ETIHAD AIRWAYS ABU DHABI GRAND PRIX 2025 - RACE RESULT,58,81,PIA,Oscar Piastri,McLaren,3,1:22.437,2,2,58,+12.594s,+12.594s,18,1,41,41,21.565,2,44,1:26.765,219.116,0
2025,1,abu-dhabi,FORMULA 1 ETIHAD AIRWAYS ABU DHABI GRAND PRIX 2025 - RACE RESULT,58,4,NOR,Lando Norris,McLaren,2,1:22.408,3,3,58,+16.572s,+16.572s,15,2,16,40,42.730,3,48,1:26.818,218.982,0
2025,1,abu-dhabi,FORMULA 1 ETIHAD AIRWAYS ABU DHABI GRAND PRIX 2025 - RACE RESULT,58,16,LEC,Charles Leclerc,Ferrari,5,1:22.730,4,4,58,+23.279s,+23.279s,12,2,16,39,42.594,1,45,1:26.725,219.217,0
2025,1,abu-dhabi,FORMULA 1 ETIHAD AIRWAYS ABU DHABI GRAND PRIX 2025 - RACE RESULT,58,63,RUS,George Russell,Mercedes,4,1:22.645,5,5,58,+48.563s,+48.563s,10,1,14,14,21.979,14,57,1:28.599,214.580,0
2025,1,abu-dhabi,FORMULA 1 ETIHAD AIRWAYS ABU DHABI GRAND PRIX 2025 - RACE RESULT,58,14,ALO,Fernando Alonso,Aston Martin,6,1:22.902,6,6,58,+67.562s,+67.562s,8,1,16,16,23.267,11,54,1:28.279,215.358,0
2025,1,abu-dhabi,FORMULA 1 ETIHAD AIRWAYS ABU DHABI GRAND PRIX 2025 - RACE RESULT,58,31,OCO,Esteban Ocon,Haas F1 Team,8,1:22.913,7,7,58,+69.876s,+69.876s,6,1,19,19,22.254,15,56,1:28.655,214.444,0
2025,1,abu-dhabi,FORMULA 1 ETIHAD AIRWAYS ABU DHABI GRAND PRIX 2025 - RACE RESULT,58,44,HAM,Lewis Hamilton,Ferrari,16,1:23.394,8,8,58,+72.670s,+72.670s,4,2,8,31,43.018,10,36,1:28.094,215.810,0
2025,1,abu-dhabi,FORMULA 1 ETIHAD AIRWAYS ABU DHABI GRAND PRIX 2025 - RACE RESULT,58,27,HUL,Nico Hulkenberg,Kick Sauber,18,1:23.450,9,9,58,+79.014s,+79.014s,2,2,7,42,43.087,4,46,1:27.050,218.398,0
2025,1,abu-dhabi,FORMULA 1 ETIHAD AIRWAYS ABU DHABI GRAND PRIX 2025 - RACE RESULT,58,18,STR,Lance Stroll,Aston Martin,15,1:23.097,10,10,58,+79.523s,+79.523s,1,1,42,42,21.535,6,52,1:27.626,216.963,0
2025,1,abu-dhabi,FORMULA 1 ETIHAD AIRWAYS ABU DHABI GRAND PRIX 2025 - RACE RESULT,58,5,BOR,Gabriel Bortoleto,Kick Sauber,7,1:22.904,11,11,58,+81.043s,+81.043s,0,1,15,15,22.121,19,47,1:29.114,213.340,0
2025,1,abu-dhabi,FORMULA 1 ETIHAD AIRWAYS ABU DHABI GRAND PRIX 2025 - RACE RESULT,58,87,BEA,Oliver Bearman,Haas F1 Team,11,1:23.041,12,12,58,+81.166s,+81.166s,0,1,14,14,22.263,17,50,1:28.976,213.671,0
2025,1,abu-dhabi,FORMULA 1 ETIHAD AIRWAYS ABU DHABI GRAND PRIX 2025 - RACE RESULT,58,55,SAI,Carlos Sainz,Williams,12,1:23.042,13,13,58,+82.158s,+82.158s,0,1,18,18,21.799,18,51,1:29.052,213.488,0
2025,1,abu-dhabi,FORMULA 1 ETIHAD AIRWAYS ABU DHABI GRAND PRIX 2025 - RACE RESULT,58,22,TSU,Yuki Tsunoda,Red Bull Racing,10,,14,14,58,+83.794s,+83.794s,0,1,32,32,27.041,13,44,1:28.557,214.682,0
2025,1,abu-dhabi,FORMULA 1 ETIHAD AIRWAYS ABU DHABI GRAND PRIX 2025 - RACE RESULT,58,12,ANT,Kimi Antonelli,Mercedes,14,1:23.080,15,15,58,+84.399s,+84.399s,0,1,32,32,22.155,9,34,1:28.029,215.969,0
2025,1,abu-dhabi,FORMULA 1 ETIHAD AIRWAYS ABU DHABI GRAND PRIX 2025 - RACE RESULT,58,23,ALB,Alexander Albon,Williams,17,1:23.416,16,16,58,+90.327s,+90.327s,0,2,8,33,43.046,12,45,1:28.367,215.143,0
2025,1,abu-dhabi,FORMULA 1 ETIHAD AIRWAYS ABU DHABI GRAND PRIX 2025 - RACE RESULT,58,6,HAD,Isack Hadjar,Racing Bulls,9,1:23.072,17,17,57,+1 lap,+1 lap,0,1,14,14,21.932,20,52,1:29.375,212.717,0
2025,1,abu-dhabi,FORMULA 1 ETIHAD AIRWAYS ABU DHABI GRAND PRIX 2025 - RACE RESULT,58,30,LAW,Liam Lawson,Racing Bulls,13,1:23.077,18,18,57,+1 lap,+1 lap,0,1,21,21,28.369,16,39,1:28.886,213.887,0
2025,1,abu-dhabi,FORMULA 1 ETIHAD AIRWAYS ABU DHABI GRAND PRIX 2025 - RACE RESULT,58,10,GAS,Pierre Gasly,Alpine,19,1:23.468,19,19,57,+1 lap,+1 lap,0,2,13,40,44.819,8,47,1:27.767,216.614,0
2025,1,abu-dhabi,FORMULA 1 ETIHAD AIRWAYS ABU DHABI GRAND PRIX 2025 - RACE RESULT,58,43,COL,Franco Colapinto,Alpine,20,1:23.890,20,20,57,+1 lap,+1 lap,0,2,15,40,44.908,7,43,1:27.710,216.755,0
2025,2,australia,FORMULA 1 LOUIS VUITTON AUSTRALIAN GRAND PRIX 2025 - RACE RESULT,57,4,NOR,Lando Norris,McLaren,1,1:15.096,1,1,57,1:42:06.304,1:42:06.304,25,5,2,44,75.550,1,43,1:22.167,231.246,1
2025,2,australia,FORMULA 1 LOUIS VUITTON AUSTRALIAN GRAND PRIX 2025 - RACE RESULT,57,1,VER,Max Verstappen,Red Bull Racing,3,1:15.481,2,2,57,+0.895s,+0.895s,18,5,2,46,77.515,3,43,1:23.081,228.702,0
2025,2,australia,FORMULA 1 LOUIS VUITTON AUSTRALIAN GRAND PRIX 2025 - RACE RESULT,57,63,RUS,George Russell,Mercedes,4,1:15.546,3,3,57,+8.481s,+8.481s,15,5,2,44,79.975,11,43,1:25.065,223.368,0
2025,2,australia,FORMULA 1 LOUIS VUITTON AUSTRALIAN GRAND PRIX 2025 - RACE RESULT,57,12,ANT,Kimi Antonelli,Mercedes,16,1:16.525,4,4,57,+10.135s,+10.135s,12,5,2,44,85.865,9,43,1:24.901,223.799,0
2025,2,australia,FORMULA 1 LOUIS VUITTON AUSTRALIAN GRAND PRIX 2025 - RACE RESULT,57,23,ALB,Alexander Albon,Williams,6,1:15.737,5,5,57,+12.773s,+12.773s,10,5,2,44,83.823,8,43,1:24.597,224.603,0
2025,2,australia,FORMULA 1 LOUIS VUITTON AUSTRALIAN GRAND PRIX 2025 - RACE RESULT,57,18,STR,Lance Stroll,Aston Martin,13,1:16.483,6,6,57,+17.413s,+17.413s,8,5,2,44,83.673,14,43,1:25.538,222.132,0
2025,2,australia,FORMULA 1 LOUIS VUITTON AUSTRALIAN GRAND PRIX 2025 - RACE RESULT,57,27,HUL,Nico Hulkenberg,Kick Sauber,17,1:16.579,7,7,57,+18.423s,+18.423s,6,5,2,44,86.631,12,43,1:25.243,222.901,0
2025,2,australia,FORMULA 1 LOUIS VUITTON AUSTRALIAN GRAND PRIX 2025 - RACE RESULT,57,16,LEC,Charles Leclerc,Ferrari,7,1:15.755,8,8,57,+19.826s,+19.826s,4,5,2,47,85.614,13,43,1:25.271,222.828,0
2025,2,australia,FORMULA 1 LOUIS VUITTON AUSTRALIAN GRAND PRIX 2025 - RACE RESULT,57,81,PIA,Oscar Piastri,McLaren,2,1:15.180,9,9,57,+20.448s,+20.448s,2,5,2,44,79.301,4,43,1:23.242,228.259,0
2025,2,australia,FORMULA 1 LOUIS VUITTON AUSTRALIAN GRAND PRIX 2025 - RACE RESULT,57,44,HAM,Lewis Hamilton,Ferrari,8,1:15.973,10,10,57,+22.473s,+22.473s,1,5,2,47,85.310,7,43,1:24.218,225.614,0
2025,2,australia,FORMULA 1 LOUIS VUITTON AUSTRALIAN GRAND PRIX 2025 - RACE RESULT,57,10,GAS,Pierre Gasly,Alpine,9,1:15.980,11,11,57,+26.502s,+26.502s,0,5,2,46,84.629,10,43,1:25.020,223.486,0
2025,2,australia,FORMULA 1 LOUIS VUITTON AUSTRALIAN GRAND PRIX 2025 - RACE RESULT,57,22,TSU,Yuki Tsunoda,Racing Bulls,5,1:15.670,12,12,57,+29.884s,+29.884s,0,5,2,47,82.094,6,43,1:24.194,225.678,0
2025,2,australia,FORMULA 1 LOUIS VUITTON AUSTRALIAN GRAND PRIX 2025 - RACE RESULT,57,31,OCO,Esteban Ocon,Haas F1 Team,19,1:17.147,13,13,57,+33.161s,+33.161s,0,5,2,46,89.157,15,42,1:26.764,218.994,0
2025,2,australia,FORMULA 1 LOUIS VUITTON AUSTRALIAN GRAND PRIX 2025 - RACE RESULT,57,87,BEA,Oliver Bearman,Haas F1 Team,20,,14,14,57,+40.351s,+40.351s,0,5,2,44,95.257,16,42,1:27.603,216.896,0
2025,2,australia,FORMULA 1 LOUIS VUITTON AUSTRALIAN GRAND PRIX 2025 - RACE RESULT,57,30,LAW,Liam Lawson,Red Bull Racing,18,1:17.094,NC,,46,DNF,DNF,0,4,2,33,70.046,2,43,1:22.970,229.008,0
2025,2,australia,FORMULA 1 LOUIS VUITTON AUSTRALIAN GRAND PRIX 2025 - RACE RESULT,57,5,BOR,Gabriel Bortoleto,Kick Sauber,15,1:17.520,NC,,45,DNF,DNF,0,5,2,44,95.288,5,43,1:24.192,225.684,0
2025,2,australia,FORMULA 1 LOUIS VUITTON AUSTRALIAN GRAND PRIX 2025 - RACE RESULT,57,14,ALO,Fernando Alonso,Aston Martin,12,1:16.453,NC,,32,DNF,DNF,0,3,2,4,46.810,17,32,1:28.819,213.927,0
2025,2,australia,FORMULA 1 LOUIS VUITTON AUSTRALIAN GRAND PRIX 2025 - RACE RESULT,57,55,SAI,Carlos Sainz,Williams,10,1:16.062,NC,,0,DNF,DNF,0,,,,,,,,,0
2025,2,australia,FORMULA 1 LOUIS VUITTON AUSTRALIAN GRAND PRIX 2025 - RACE RESULT,57,7,DOO,Jack Doohan,Alpine,14,1:16.863,NC,,0,DNF,DNF,0,,,,,,,,,0
2025,2,australia,FORMULA 1 LOUIS VUITTON AUSTRALIAN GRAND PRIX 2025 - RACE RESULT,57,6,HAD,Isack Hadjar,Racing Bulls,11,1:16.175,NC,,0,DNS,DNS,0,,,,,,,,,0
2025,3,china,FORMULA 1 HEINEKEN CHINESE GRAND PRIX 2025 - RACE RESULT,56,81,PIA,Oscar Piastri,McLaren,1,1:30.641,1,1,56,1:30:55.026,1:30:55.026,25,1,14,14,23.938,3,53,1:35.520,205.439,1
2025,3,china,FORMULA 1 HEINEKEN CHINESE GRAND PRIX 2025 - RACE RESULT,56,4,NOR,Lando Norris,McLaren,3,1:30.793,2,2,56,+9.748s,+9.748s,18,1,15,15,22.213,1,53,1:35.454,205.581,0
2025,3,china,FORMULA 1 HEINEKEN CHINESE GRAND PRIX 2025 - RACE RESULT,56,63,RUS,George Russell,Mercedes,2,1:30.723,3,3,56,+11.097s,+11.097s,15,1,14,14,22.324,5,55,1:35.816,204.805,0
2025,3,china,FORMULA 1 HEINEKEN CHINESE GRAND PRIX 2025 - RACE RESULT,56,1,VER,Max Verstappen,Red Bull Racing,4,1:30.817,4,4,56,+16.656s,+16.656s,12,1,13,13,22.454,2,56,1:35.488,205.508,0
2025,3,china,FORMULA 1 HEINEKEN CHINESE GRAND PRIX 2025 - RACE RESULT,56,31,OCO,Esteban Ocon,Haas F1 Team,11,1:31.625,5,5,56,+49.969s,+49.969s,10,1,11,11,23.114,4,56,1:35.740,204.967,0
2025,3,china,FORMULA 1 HEINEKEN CHINESE GRAND PRIX 2025 - RACE RESULT,56,12,ANT,Kimi Antonelli,Mercedes,8,1:31.103,6,6,56,+53.748s,+53.748s,8,1,12,12,22.675,11,56,1:36.046,204.314,0
2025,3,china,FORMULA 1 HEINEKEN CHINESE GRAND PRIX 2025 - RACE RESULT,56,23,ALB,Alexander Albon,Williams,10,1:31.706,7,7,56,+56.321s,+56.321s,6,1,20,20,23.362,12,52,1:36.254,203.873,0
2025,3,china,FORMULA 1 HEINEKEN CHINESE GRAND PRIX 2025 - RACE RESULT,56,87,BEA,Oliver Bearman,Haas F1 Team,17,1:32.018,8,8,56,+61.303s,+61.303s,4,1,26,26,22.808,13,52,1:36.363,203.642,0
2025,3,china,FORMULA 1 HEINEKEN CHINESE GRAND PRIX 2025 - RACE RESULT,56,18,STR,Lance Stroll,Aston Martin,14,1:31.773,9,9,56,+70.204s,+70.204s,2,1,36,36,22.995,10,39,1:36.044,204.318,0
2025,3,china,FORMULA 1 HEINEKEN CHINESE GRAND PRIX 2025 - RACE RESULT,56,55,SAI,Carlos Sainz,Williams,15,1:31.840,10,10,56,+76.387s,+76.387s,1,1,17,17,22.721,15,50,1:36.779,202.767,0
2025,3,china,FORMULA 1 HEINEKEN CHINESE GRAND PRIX 2025 - RACE RESULT,56,6,HAD,Isack Hadjar,Racing Bulls,7,1:31.079,11,11,56,+78.875s,+78.875s,0,2,12,33,45.130,6,35,1:35.868,204.693,0
2025,3,china,FORMULA 1 HEINEKEN CHINESE GRAND PRIX 2025 - RACE RESULT,56,30,LAW,Liam Lawson,Red Bull Racing,20,1:32.174,12,12,56,+81.147s,+81.147s,0,2,18,30,44.891,9,32,1:35.985,204.444,0
2025,3,china,FORMULA 1 HEINEKEN CHINESE GRAND PRIX 2025 - RACE RESULT,56,7,DOO,Jack Doohan,Alpine,18,1:32.092,13,13,56,+88.401s,+88.401s,0,1,11,11,22.793,14,52,1:36.424,203.513,0
2025,3,china,FORMULA 1 HEINEKEN CHINESE GRAND PRIX 2025 - RACE RESULT,56,5,BOR,Gabriel Bortoleto,Kick Sauber,19,1:32.141,14,14,55,+1 lap,+1 lap,0,2,1,26,46.175,8,28,1:35.874,204.681,0
2025,3,china,FORMULA 1 HEINEKEN CHINESE GRAND PRIX 2025 - RACE RESULT,56,27,HUL,Nico Hulkenberg,Kick Sauber,12,1:31.632,15,15,55,+1 lap,+1 lap,0,1,20,20,22.959,16,35,1:37.275,201.733,0
2025,3,china,FORMULA 1 HEINEKEN CHINESE GRAND PRIX 2025 - RACE RESULT,56,22,TSU,Yuki Tsunoda,Racing Bulls,9,1:31.638,16,16,55,+1 lap,+1 lap,0,3,11,46,83.204,7,49,1:35.871,204.687,0
2025,3,china,FORMULA 1 HEINEKEN CHINESE GRAND PRIX 2025 - RACE RESULT,56,14,ALO,Fernando Alonso,Aston Martin,13,1:31.688,NC,,4,DNF,DNF,0,,,,,17,3,1:39.256,197.706,0
2025,3,china,FORMULA 1 HEINEKEN CHINESE GRAND PRIX 2025 - RACE RESULT,56,16,LEC,Charles Leclerc,Ferrari,6,1:31.021,DQ,,,DSQ,DSQ,0,1,15,15,22.151,19,49,1:36.157,204.078,0
2025,3,china,FORMULA 1 HEINEKEN CHINESE GRAND PRIX 2025 - RACE RESULT,56,44,HAM,Lewis Hamilton,Ferrari,5,1:30.927,DQ,,,DSQ,DSQ,0,2,13,37,44.752,18,41,1:35.069,206.414,0
2025,3,china,FORMULA 1 HEINEKEN CHINESE GRAND PRIX 2025 - RACE RESULT,56,10,GAS,Pierre Gasly,Alpine,16,1:31.992,DQ,,,DSQ,DSQ,0,1,10,10,23.138,20,49,1:36.425,203.511,0
2025,4,japan,FORMULA 1 LENOVO JAPANESE GRAND PRIX 2025  - RACE RESULT,53,1,VER,Max Verstappen,Red Bull Racing,1,1:26.983,1,1,53,1:22:06.983,1:22:06.983,25,1,21,21,24.397,3,52,1:31.041,229.624,1
2025,4,japan,FORMULA 1 LENOVO JAPANESE GRAND PRIX 2025  - RACE RESULT,53,4,NOR,Lando Norris,McLaren,2,1:26.995,2,2,53,+1.423s,+1.423s,18,1,21,21,23.222,5,51,1:31.116,229.435,0
2025,4,japan,FORMULA 1 LENOVO JAPANESE GRAND PRIX 2025  - RACE RESULT,53,81,PIA,Oscar Piastri,McLaren,3,1:27.027,3,3,53,+2.129s,+2.129s,15,1,20,20,23.037,2,53,1:31.039,229.629,0
2025,4,japan,FORMULA 1 LENOVO JAPANESE GRAND PRIX 2025  - RACE RESULT,53,16,LEC,Charles Leclerc,Ferrari,4,1:27.299,4,4,53,+16.097s,+16.097s,12,1,21,21,23.346,10,47,1:31.469,228.549,0
2025,4,japan,FORMULA 1 LENOVO JAPANESE GRAND PRIX 2025  - RACE RESULT,53,63,RUS,George Russell,Mercedes,5,1:27.318,5,5,53,+17.362s,+17.362s,10,1,19,19,23.184,8,51,1:31.357,228.829,0
2025,4,japan,FORMULA 1 LENOVO JAPANESE GRAND PRIX 2025  - RACE RESULT,53,12,ANT,Kimi Antonelli,Mercedes,6,1:27.555,6,6,53,+18.671s,+18.671s,8,1,31,31,24.380,1,50,1:30.965,229.815,0
2025,4,japan,FORMULA 1 LENOVO JAPANESE GRAND PRIX 2025  - RACE RESULT,53,44,HAM,Lewis Hamilton,Ferrari,8,1:27.610,7,7,53,+29.182s,+29.182s,6,1,30,30,22.937,9,51,1:31.406,228.707,0
2025,4,japan,FORMULA 1 LENOVO JAPANESE GRAND PRIX 2025  - RACE RESULT,53,6,HAD,Isack Hadjar,Racing Bulls,7,1:27.569,8,8,53,+37.134s,+37.134s,4,1,25,25,23.333,7,52,1:31.317,228.929,0
2025,4,japan,FORMULA 1 LENOVO JAPANESE GRAND PRIX 2025  - RACE RESULT,53,23,ALB,Alexander Albon,Williams,9,1:27.615,9,9,53,+40.367s,+40.367s,2,1,24,24,23.093,6,52,1:31.125,229.412,0
2025,4,japan,FORMULA 1 LENOVO JAPANESE GRAND PRIX 2025  - RACE RESULT,53,87,BEA,Oliver Bearman,Haas F1 Team,10,1:27.867,10,10,53,+54.529s,+54.529s,1,1,23,23,24.834,15,49,1:32.006,227.215,0
2025,4,japan,FORMULA 1 LENOVO JAPANESE GRAND PRIX 2025  - RACE RESULT,53,14,ALO,Fernando Alonso,Aston Martin,12,1:27.897,11,11,53,+57.333s,+57.333s,0,1,24,24,25.708,11,51,1:31.770,227.799,0
2025,4,japan,FORMULA 1 LENOVO JAPANESE GRAND PRIX 2025  - RACE RESULT,53,22,TSU,Yuki Tsunoda,Red Bull Racing,14,1:28,12,12,53,+58.401s,+58.401s,0,1,23,23,24.181,13,51,1:31.871,227.549,0
2025,4,japan,FORMULA 1 LENOVO JAPANESE GRAND PRIX 2025  - RACE RESULT,53,10,GAS,Pierre Gasly,Alpine,11,1:27.822,13,13,53,+62.122s,+62.122s,0,1,24,24,26.041,12,52,1:31.820,227.675,0
2025,4,japan,FORMULA 1 LENOVO JAPANESE GRAND PRIX 2025  - RACE RESULT,53,55,SAI,Carlos Sainz,Williams,15,1:27.836,14,14,53,+74.129s,+74.129s,0,1,33,33,23.337,4,36,1:31.106,229.460,0
2025,4,japan,FORMULA 1 LENOVO JAPANESE GRAND PRIX 2025  - RACE RESULT,53,7,DOO,Jack Doohan,Alpine,19,1:28.877,15,15,53,+81.314s,+81.314s,0,1,15,15,23.382,20,47,1:32.685,225.551,0
2025,4,japan,FORMULA 1 LENOVO JAPANESE GRAND PRIX 2025  - RACE RESULT,53,27,HUL,Nico Hulkenberg,Kick Sauber,16,1:28.570,16,16,53,+81.957s,+81.957s,0,1,22,22,23.515,19,31,1:32.572,225.826,0
2025,4,japan,FORMULA 1 LENOVO JAPANESE GRAND PRIX 2025  - RACE RESULT,53,30,LAW,Liam Lawson,Racing Bulls,13,1:27.906,17,17,53,+82.734s,+82.734s,0,1,33,33,23.662,17,39,1:32.043,227.124,0
2025,4,japan,FORMULA 1 LENOVO JAPANESE GRAND PRIX 2025  - RACE RESULT,53,31,OCO,Esteban Ocon,Haas F1 Team,18,1:28.696,18,18,53,+83.438s,+83.438s,0,1,32,32,24.464,14,48,1:31.967,227.311,0
2025,4,japan,FORMULA 1 LENOVO JAPANESE GRAND PRIX 2025  - RACE RESULT,53,5,BOR,Gabriel Bortoleto,Kick Sauber,17,1:28.622,19,19,53,+83.897s,+83.897s,0,1,31,31,23.419,16,45,1:32.034,227.146,0
2025,4,japan,FORMULA 1 LENOVO JAPANESE GRAND PRIX 2025  - RACE RESULT,53,18,STR,Lance Stroll,Aston Martin,20,1:29.271,20,20,52,+1 lap,+1 lap,0,2,9,30,47.332,18,53,1:32.052,227.102,0
2025,5,bahrain,FORMULA 1 GULF AIR BAHRAIN GRAND PRIX 2025 - RACE RESULT,57,81,PIA,Oscar Piastri,McLaren,1,1:29.841,1,1,57,1:35:39.435,1:35:39.435,25,2,14,32,49.398,1,36,1:35.140,204.784,1
2025,5,bahrain,FORMULA 1 GULF AIR BAHRAIN GRAND PRIX 2025 - RACE RESULT,57,63,RUS,George Russell,Mercedes,3,1:30.009,2,2,57,+15.499s,+15.499s,18,2,13,32,48.144,2,36,1:35.518,203.974,0
2025,5,bahrain,FORMULA 1 GULF AIR BAHRAIN GRAND PRIX 2025 - RACE RESULT,57,4,NOR,Lando Norris,McLaren,6,1:30.267,3,3,57,+16.273s,+16.273s,15,2,10,32,53.857,3,38,1:35.728,203.526,0
2025,5,bahrain,FORMULA 1 GULF AIR BAHRAIN GRAND PRIX 2025 - RACE RESULT,57,16,LEC,Charles Leclerc,Ferrari,2,1:30.175,4,4,57,+19.679s,+19.679s,12,2,17,32,49.043,4,36,1:36.132,202.671,0
2025,5,bahrain,FORMULA 1 GULF AIR BAHRAIN GRAND PRIX 2025 - RACE RESULT,57,44,HAM,Lewis Hamilton,Ferrari,9,1:30.772,5,5,57,+27.993s,+27.993s,10,2,17,32,48.690,6,37,1:36.235,202.454,0
2025,5,bahrain,FORMULA 1 GULF AIR BAHRAIN GRAND PRIX 2025 - RACE RESULT,57,1,VER,Max Verstappen,Red Bull Racing,7,1:30.423,6,6,57,+34.395s,+34.395s,8,2,10,26,54.585,5,29,1:36.167,202.597,0
2025,5,bahrain,FORMULA 1 GULF AIR BAHRAIN GRAND PRIX 2025 - RACE RESULT,57,10,GAS,Pierre Gasly,Alpine,4,1:30.216,7,7,57,+36.002s,+36.002s,6,2,10,28,49.991,7,39,1:36.531,201.833,0
2025,5,bahrain,FORMULA 1 GULF AIR BAHRAIN GRAND PRIX 2025 - RACE RESULT,57,31,OCO,Esteban Ocon,Haas F1 Team,14,,8,8,57,+44.244s,+44.244s,4,2,8,27,49.708,12,30,1:37.098,200.655,0
2025,5,bahrain,FORMULA 1 GULF AIR BAHRAIN GRAND PRIX 2025 - RACE RESULT,57,22,TSU,Yuki Tsunoda,Red Bull Racing,10,1:31.303,9,9,57,+45.061s,+45.061s,2,2,11,32,51.264,14,45,1:37.225,200.392,0
2025,5,bahrain,FORMULA 1 GULF AIR BAHRAIN GRAND PRIX 2025 - RACE RESULT,57,87,BEA,Oliver Bearman,Haas F1 Team,20,1:32.373,10,10,57,+47.594s,+47.594s,1,2,14,32,49.457,15,40,1:37.303,200.232,0
2025,5,bahrain,FORMULA 1 GULF AIR BAHRAIN GRAND PRIX 2025 - RACE RESULT,57,12,ANT,Kimi Antonelli,Mercedes,5,1:30.213,11,11,57,+48.016s,+48.016s,0,3,12,32,74.006,9,29,1:36.690,201.501,0
2025,5,bahrain,FORMULA 1 GULF AIR BAHRAIN GRAND PRIX 2025 - RACE RESULT,57,23,ALB,Alexander Albon,Williams,15,,12,12,57,+48.839s,+48.839s,0,2,16,32,51.384,13,47,1:37.141,200.566,0
2025,5,bahrain,FORMULA 1 GULF AIR BAHRAIN GRAND PRIX 2025 - RACE RESULT,57,6,HAD,Isack Hadjar,Racing Bulls,12,1:31.271,13,13,57,+56.314s,+56.314s,0,2,6,28,49.905,10,30,1:36.952,200.957,0
2025,5,bahrain,FORMULA 1 GULF AIR BAHRAIN GRAND PRIX 2025 - RACE RESULT,57,7,DOO,Jack Doohan,Alpine,11,1:31.245,14,14,57,+57.806s,+57.806s,0,2,9,28,49.884,8,31,1:36.682,201.518,0
2025,5,bahrain,FORMULA 1 GULF AIR BAHRAIN GRAND PRIX 2025 - RACE RESULT,57,14,ALO,Fernando Alonso,Aston Martin,13,1:31.886,15,15,57,+60.340s,+60.340s,0,2,16,32,49.672,18,38,1:37.906,198.999,0
2025,5,bahrain,FORMULA 1 GULF AIR BAHRAIN GRAND PRIX 2025 - RACE RESULT,57,30,LAW,Liam Lawson,Racing Bulls,17,1:32.165,16,16,57,+64.435s,+64.435s,0,2,14,32,49.433,17,44,1:37.380,200.073,0
2025,5,bahrain,FORMULA 1 GULF AIR BAHRAIN GRAND PRIX 2025 - RACE RESULT,57,18,STR,Lance Stroll,Aston Martin,19,1:32.283,17,17,57,+65.489s,+65.489s,0,2,12,32,49.203,20,38,1:38.064,198.678,0
2025,5,bahrain,FORMULA 1 GULF AIR BAHRAIN GRAND PRIX 2025 - RACE RESULT,57,5,BOR,Gabriel Bortoleto,Kick Sauber,18,1:32.186,18,18,57,+66.872s,+66.872s,0,2,13,32,49.539,19,38,1:38.006,198.795,0
2025,5,bahrain,FORMULA 1 GULF AIR BAHRAIN GRAND PRIX 2025 - RACE RESULT,57,55,SAI,Carlos Sainz,Williams,8,1:30.680,NC,,45,DNF,DNF,0,3,14,44,86.031,11,16,1:36.954,200.953,0
2025,5,bahrain,FORMULA 1 GULF AIR BAHRAIN GRAND PRIX 2025 - RACE RESULT,57,27,HUL,Nico Hulkenberg,Kick Sauber,16,1:32.067,DQ,,,DSQ,DSQ,0,2,5,27,48.520,16,30,1:37.338,200.160,0
2025,6,saudi-arabia,FORMULA 1 STC SAUDI ARABIAN GRAND PRIX 2025 - RACE RESULT,50,81,PIA,Oscar Piastri,McLaren,2,1:27.304,1,1,50,1:21:06.758,1:21:06.758,25,1,19,19,21.388,3,50,1:32.228,240.994,1
2025,6,saudi-arabia,FORMULA 1 STC SAUDI ARABIAN GRAND PRIX 2025 - RACE RESULT,50,1,VER,Max Verstappen,Red Bull Racing,1,1:27.294,2,2,50,+2.843s,+2.843s,18,1,21,21,26.030,4,49,1:32.280,240.858,0
2025,6,saudi-arabia,FORMULA 1 STC SAUDI ARABIAN GRAND PRIX 2025 - RACE RESULT,50,16,LEC,Charles Leclerc,Ferrari,4,1:27.670,3,3,50,+8.104s,+8.104s,15,1,29,29,20.131,2,49,1:32.192,241.088,0
2025,6,saudi-arabia,FORMULA 1 STC SAUDI ARABIAN GRAND PRIX 2025 - RACE RESULT,50,4,NOR,Lando Norris,McLaren,10,,4,4,50,+9.196s,+9.196s,12,1,34,34,20.427,1,41,1:31.778,242.175,0
2025,6,saudi-arabia,FORMULA 1 STC SAUDI ARABIAN GRAND PRIX 2025 - RACE RESULT,50,63,RUS,George Russell,Mercedes,3,1:27.407,5,5,50,+27.236s,+27.236s,10,1,20,20,20.329,9,32,1:32.893,239.268,0
2025,6,saudi-arabia,FORMULA 1 STC SAUDI ARABIAN GRAND PRIX 2025 - RACE RESULT,50,12,ANT,Kimi Antonelli,Mercedes,5,1:27.866,6,6,50,+34.688s,+34.688s,8,1,19,19,20.399,5,50,1:32.396,240.555,0
2025,6,saudi-arabia,FORMULA 1 STC SAUDI ARABIAN GRAND PRIX 2025 - RACE RESULT,50,44,HAM,Lewis Hamilton,Ferrari,7,1:28.201,7,7,50,+39.073s,+39.073s,6,1,23,23,20.144,7,43,1:32.600,240.025,0
2025,6,saudi-arabia,FORMULA 1 STC SAUDI ARABIAN GRAND PRIX 2025 - RACE RESULT,50,55,SAI,Carlos Sainz,Williams,6,1:28.164,8,8,50,+64.630s,+64.630s,4,1,21,21,24.148,6,50,1:32.466,240.373,0
2025,6,saudi-arabia,FORMULA 1 STC SAUDI ARABIAN GRAND PRIX 2025 - RACE RESULT,50,23,ALB,Alexander Albon,Williams,11,1:28.109,9,9,50,+66.515s,+66.515s,2,1,22,22,22.135,16,47,1:33.477,237.773,0
2025,6,saudi-arabia,FORMULA 1 STC SAUDI ARABIAN GRAND PRIX 2025 - RACE RESULT,50,6,HAD,Isack Hadjar,Racing Bulls,14,1:28.418,10,10,50,+67.091s,+67.091s,1,1,34,34,20.827,14,39,1:33.257,238.334,0
2025,6,saudi-arabia,FORMULA 1 STC SAUDI ARABIAN GRAND PRIX 2025 - RACE RESULT,50,14,ALO,Fernando Alonso,Aston Martin,13,1:28.303,11,11,50,+75.917s,+75.917s,0,1,19,19,21.891,11,49,1:33.009,238.970,0
2025,6,saudi-arabia,FORMULA 1 STC SAUDI ARABIAN GRAND PRIX 2025 - RACE RESULT,50,30,LAW,Liam Lawson,Racing Bulls,12,1:28.191,12,12,50,+78.451s,+78.451s,0,1,20,20,20.534,10,43,1:32.998,238.998,0
2025,6,saudi-arabia,FORMULA 1 STC SAUDI ARABIAN GRAND PRIX 2025 - RACE RESULT,50,87,BEA,Oliver Bearman,Haas F1 Team,15,1:28.648,13,13,50,+79.194s,+79.194s,0,1,18,18,22.095,13,50,1:33.238,238.383,0
2025,6,saudi-arabia,FORMULA 1 STC SAUDI ARABIAN GRAND PRIX 2025 - RACE RESULT,50,31,OCO,Esteban Ocon,Haas F1 Team,19,1:29.092,14,14,50,+99.723s,+99.723s,0,1,1,1,21.512,17,47,1:34.309,235.676,0
2025,6,saudi-arabia,FORMULA 1 STC SAUDI ARABIAN GRAND PRIX 2025 - RACE RESULT,50,27,HUL,Nico Hulkenberg,Kick Sauber,18,1:28.782,15,15,49,+1 lap,+1 lap,0,1,33,33,20.441,15,39,1:33.446,237.852,0
2025,6,saudi-arabia,FORMULA 1 STC SAUDI ARABIAN GRAND PRIX 2025 - RACE RESULT,50,18,STR,Lance Stroll,Aston Martin,16,1:28.645,16,16,49,+1 lap,+1 lap,0,1,39,39,20.487,8,44,1:32.745,239.650,0
2025,6,saudi-arabia,FORMULA 1 STC SAUDI ARABIAN GRAND PRIX 2025 - RACE RESULT,50,7,DOO,Jack Doohan,Alpine,17,1:28.739,17,17,49,+1 lap,+1 lap,0,2,1,32,42.092,12,49,1:33.150,238.608,0
2025,6,saudi-arabia,FORMULA 1 STC SAUDI ARABIAN GRAND PRIX 2025 - RACE RESULT,50,5,BOR,Gabriel Bortoleto,Kick Sauber,20,1:29.462,18,18,49,+1 lap,+1 lap,0,1,1,1,21.854,18,39,1:34.447,235.331,0
2025,6,saudi-arabia,FORMULA 1 STC SAUDI ARABIAN GRAND PRIX 2025 - RACE RESULT,50,22,TSU,Yuki Tsunoda,Red Bull Racing,8,1:28.204,NC,,1,DNF,DNF,0,,,,,,,,,0
2025,6,saudi-arabia,FORMULA 1 STC SAUDI ARABIAN GRAND PRIX 2025 - RACE RESULT,50,10,GAS,Pierre Gasly,Alpine,9,1:28.367,NC,,0,DNF,DNF,0,,,,,,,,,0
2025,7,miami,FORMULA 1 CRYPTO.COM MIAMI GRAND PRIX 2025 - RACE RESULT,57,81,PIA,Oscar Piastri,McLaren,4,1:26.375,1,1,57,1:28:51.587,1:28:51.587,25,1,29,29,22.106,2,35,1:29.822,216.908,1
2025,7,miami,FORMULA 1 CRYPTO.COM MIAMI GRAND PRIX 2025 - RACE RESULT,57,4,NOR,Lando Norris,McLaren,2,1:26.269,2,2,57,+4.630s,+4.630s,18,1,29,29,22.044,1,36,1:29.746,217.092,0
2025,7,miami,FORMULA 1 CRYPTO.COM MIAMI GRAND PRIX 2025 - RACE RESULT,57,63,RUS,George Russell,Mercedes,5,1:26.385,3,3,57,+37.644s,+37.644s,15,1,29,29,24.257,3,31,1:30.318,215.717,0
2025,7,miami,FORMULA 1 CRYPTO.COM MIAMI GRAND PRIX 2025 - RACE RESULT,57,1,VER,Max Verstappen,Red Bull Racing,1,1:26.204,4,4,57,+39.956s,+39.956s,12,1,26,26,22.501,5,41,1:30.466,215.364,0
2025,7,miami,FORMULA 1 CRYPTO.COM MIAMI GRAND PRIX 2025 - RACE RESULT,57,23,ALB,Alexander Albon,Williams,7,1:26.682,5,5,57,+48.067s,+48.067s,10,1,26,26,21.906,6,55,1:30.482,215.326,0
2025,7,miami,FORMULA 1 CRYPTO.COM MIAMI GRAND PRIX 2025 - RACE RESULT,57,12,ANT,Kimi Antonelli,Mercedes,3,1:26.271,6,6,57,+55.502s,+55.502s,8,1,25,25,24.383,9,27,1:30.795,214.584,0
2025,7,miami,FORMULA 1 CRYPTO.COM MIAMI GRAND PRIX 2025 - RACE RESULT,57,16,LEC,Charles Leclerc,Ferrari,8,1:26.754,7,7,57,+57.036s,+57.036s,6,1,29,29,22.183,4,35,1:30.461,215.376,0
2025,7,miami,FORMULA 1 CRYPTO.COM MIAMI GRAND PRIX 2025 - RACE RESULT,57,44,HAM,Lewis Hamilton,Ferrari,12,1:27.006,8,8,57,+60.186s,+60.186s,4,1,28,28,23.104,7,35,1:30.562,215.136,0
2025,7,miami,FORMULA 1 CRYPTO.COM MIAMI GRAND PRIX 2025 - RACE RESULT,57,55,SAI,Carlos Sainz,Williams,6,1:26.569,9,9,57,+60.577s,+60.577s,2,1,25,25,22.415,8,35,1:30.703,214.802,0
2025,7,miami,FORMULA 1 CRYPTO.COM MIAMI GRAND PRIX 2025 - RACE RESULT,57,22,TSU,Yuki Tsunoda,Red Bull Racing,10,1:26.943,10,10,57,+74.434s,+74.434s,1,1,27,27,22.560,10,55,1:30.964,214.185,0
2025,7,miami,FORMULA 1 CRYPTO.COM MIAMI GRAND PRIX 2025 - RACE RESULT,57,6,HAD,Isack Hadjar,Racing Bulls,11,1:26.987,11,11,57,+74.602s,+74.602s,0,1,22,22,22.115,11,51,1:30.971,214.169,0
2025,7,miami,FORMULA 1 CRYPTO.COM MIAMI GRAND PRIX 2025 - RACE RESULT,57,31,OCO,Esteban Ocon,Haas F1 Team,9,1:26.824,12,12,57,+82.006s,+82.006s,0,1,23,23,23.162,13,30,1:31.122,213.814,0
2025,7,miami,FORMULA 1 CRYPTO.COM MIAMI GRAND PRIX 2025 - RACE RESULT,57,10,GAS,Pierre Gasly,Alpine,20,1:27.710,13,13,57,+90.445s,+90.445s,0,1,32,32,22.060,14,35,1:31.159,213.727,0
2025,7,miami,FORMULA 1 CRYPTO.COM MIAMI GRAND PRIX 2025 - RACE RESULT,57,27,HUL,Nico Hulkenberg,Kick Sauber,16,1:27.473,14,14,56,+1 lap,+1 lap,0,1,36,36,22.108,12,43,1:31.015,214.065,0
2025,7,miami,FORMULA 1 CRYPTO.COM MIAMI GRAND PRIX 2025 - RACE RESULT,57,14,ALO,Fernando Alonso,Aston Martin,17,1:27.604,15,15,56,+1 lap,+1 lap,0,1,28,28,23.602,15,38,1:31.287,213.427,0
2025,7,miami,FORMULA 1 CRYPTO.COM MIAMI GRAND PRIX 2025 - RACE RESULT,57,18,STR,Lance Stroll,Aston Martin,18,1:27.830,16,16,56,+1 lap,+1 lap,0,1,20,20,22.317,16,51,1:31.769,212.306,0
2025,7,miami,FORMULA 1 CRYPTO.COM MIAMI GRAND PRIX 2025 - RACE RESULT,57,30,LAW,Liam Lawson,Racing Bulls,15,1:27.363,NC,,36,DNF,DNF,0,1,28,28,22.439,17,30,1:31.770,212.304,0
2025,7,miami,FORMULA 1 CRYPTO.COM MIAMI GRAND PRIX 2025 - RACE RESULT,57,5,BOR,Gabriel Bortoleto,Kick Sauber,13,1:27.151,NC,,30,DNF,DNF,0,1,19,19,22.188,18,21,1:32.328,211.021,0
2025,7,miami,FORMULA 1 CRYPTO.COM MIAMI GRAND PRIX 2025 - RACE RESULT,57,87,BEA,Oliver Bearman,Haas F1 Team,19,1:27.999,NC,,27,DNF,DNF,0,,,,,19,24,1:32.680,210.220,0
2025,7,miami,FORMULA 1 CRYPTO.COM MIAMI GRAND PRIX 2025 - RACE RESULT,57,7,DOO,Jack Doohan,Alpine,14,1:27.186,NC,,0,DNF,DNF,0,,,,,,,,,0
2025,8,emilia-romagna,FORMULA 1 AWS GRAN PREMIO DEL MADE IN ITALY E DELL'EMILIA-ROMAGNA 2025 - RACE RESULT,63,1,VER,Max Verstappen,Red Bull Racing,2,1:14.704,1,1,63,1:31:33.199,1:31:33.199,25,2,29,46,59.648,1,58,1:17.988,226.604,1
2025,8,emilia-romagna,FORMULA 1 AWS GRAN PREMIO DEL MADE IN ITALY E DELL'EMILIA-ROMAGNA 2025 - RACE RESULT,63,4,NOR,Lando Norris,McLaren,4,1:14.962,2,2,63,+6.109s,+6.109s,18,2,28,46,61.188,4,63,1:18.311,225.669,0
2025,8,emilia-romagna,FORMULA 1 AWS GRAN PREMIO DEL MADE IN ITALY E DELL'EMILIA-ROMAGNA 2025 - RACE RESULT,63,81,PIA,Oscar Piastri,McLaren,1,1:14.670,3,3,63,+12.956s,+12.956s,15,2,13,30,61.582,5,56,1:18.894,224.001,0
2025,8,emilia-romagna,FORMULA 1 AWS GRAN PREMIO DEL MADE IN ITALY E DELL'EMILIA-ROMAGNA 2025 - RACE RESULT,63,44,HAM,Lewis Hamilton,Ferrari,12,1:15.765,4,4,63,+14.356s,+14.356s,12,2,29,46,59.899,2,61,1:18.265,225.802,0
2025,8,emilia-romagna,FORMULA 1 AWS GRAN PREMIO DEL MADE IN ITALY E DELL'EMILIA-ROMAGNA 2025 - RACE RESULT,63,23,ALB,Alexander Albon,Williams,7,1:15.473,5,5,63,+17.945s,+17.945s,10,2,29,47,60.257,3,63,1:18.289,225.732,0
2025,8,emilia-romagna,FORMULA 1 AWS GRAN PREMIO DEL MADE IN ITALY E DELL'EMILIA-ROMAGNA 2025 - RACE RESULT,63,16,LEC,Charles Leclerc,Ferrari,11,1:15.604,6,6,63,+20.774s,+20.774s,8,2,10,29,61.532,6,56,1:19.048,223.565,0
2025,8,emilia-romagna,FORMULA 1 AWS GRAN PREMIO DEL MADE IN ITALY E DELL'EMILIA-ROMAGNA 2025 - RACE RESULT,63,63,RUS,George Russell,Mercedes,3,1:14.807,7,7,63,+22.034s,+22.034s,6,2,11,29,60.538,9,55,1:19.733,221.644,0
2025,8,emilia-romagna,FORMULA 1 AWS GRAN PREMIO DEL MADE IN ITALY E DELL'EMILIA-ROMAGNA 2025 - RACE RESULT,63,55,SAI,Carlos Sainz,Williams,6,1:15.432,8,8,63,+22.898s,+22.898s,4,2,11,29,60.715,10,58,1:19.836,221.358,0
2025,8,emilia-romagna,FORMULA 1 AWS GRAN PREMIO DEL MADE IN ITALY E DELL'EMILIA-ROMAGNA 2025 - RACE RESULT,63,6,HAD,Isack Hadjar,Racing Bulls,9,1:15.746,9,9,63,+23.586s,+23.586s,2,2,29,46,60.219,7,60,1:19.473,222.369,0
2025,8,emilia-romagna,FORMULA 1 AWS GRAN PREMIO DEL MADE IN ITALY E DELL'EMILIA-ROMAGNA 2025 - RACE RESULT,63,22,TSU,Yuki Tsunoda,Red Bull Racing,20,,10,10,63,+26.446s,+26.446s,1,1,29,29,29.807,12,60,1:20.039,220.797,0
2025,8,emilia-romagna,FORMULA 1 AWS GRAN PREMIO DEL MADE IN ITALY E DELL'EMILIA-ROMAGNA 2025 - RACE RESULT,63,14,ALO,Fernando Alonso,Aston Martin,5,1:15.431,11,11,63,+27.250s,+27.250s,0,2,12,46,61.049,11,61,1:19.894,221.198,0
2025,8,emilia-romagna,FORMULA 1 AWS GRAN PREMIO DEL MADE IN ITALY E DELL'EMILIA-ROMAGNA 2025 - RACE RESULT,63,27,HUL,Nico Hulkenberg,Kick Sauber,17,1:16.518,12,12,63,+30.296s,+30.296s,0,1,29,29,30.184,15,62,1:20.401,219.803,0
2025,8,emilia-romagna,FORMULA 1 AWS GRAN PREMIO DEL MADE IN ITALY E DELL'EMILIA-ROMAGNA 2025 - RACE RESULT,63,10,GAS,Pierre Gasly,Alpine,10,1:15.787,13,13,63,+31.424s,+31.424s,0,2,9,29,63.491,14,58,1:20.398,219.811,0
2025,8,emilia-romagna,FORMULA 1 AWS GRAN PREMIO DEL MADE IN ITALY E DELL'EMILIA-ROMAGNA 2025 - RACE RESULT,63,30,LAW,Liam Lawson,Racing Bulls,15,1:16.379,14,14,63,+32.511s,+32.511s,0,2,10,29,59.986,16,60,1:20.473,219.606,0
2025,8,emilia-romagna,FORMULA 1 AWS GRAN PREMIO DEL MADE IN ITALY E DELL'EMILIA-ROMAGNA 2025 - RACE RESULT,63,18,STR,Lance Stroll,Aston Martin,8,1:15.581,15,15,63,+32.993s,+32.993s,0,2,14,46,65.714,17,58,1:20.501,219.530,0
2025,8,emilia-romagna,FORMULA 1 AWS GRAN PREMIO DEL MADE IN ITALY E DELL'EMILIA-ROMAGNA 2025 - RACE RESULT,63,43,COL,Franco Colapinto,Alpine,16,,16,16,63,+33.411s,+33.411s,0,2,22,46,61.424,13,57,1:20.345,219.956,0
2025,8,emilia-romagna,FORMULA 1 AWS GRAN PREMIO DEL MADE IN ITALY E DELL'EMILIA-ROMAGNA 2025 - RACE RESULT,63,87,BEA,Oliver Bearman,Haas F1 Team,19,1:16.918,17,17,63,+33.808s,+33.808s,0,2,29,31,88.171,8,52,1:19.521,222.235,0
2025,8,emilia-romagna,FORMULA 1 AWS GRAN PREMIO DEL MADE IN ITALY E DELL'EMILIA-ROMAGNA 2025 - RACE RESULT,63,5,BOR,Gabriel Bortoleto,Kick Sauber,14,1:16.260,18,18,63,+38.572s,+38.572s,0,3,12,46,91.428,19,57,1:20.630,219.178,0
2025,8,emilia-romagna,FORMULA 1 AWS GRAN PREMIO DEL MADE IN ITALY E DELL'EMILIA-ROMAGNA 2025 - RACE RESULT,63,12,ANT,Kimi Antonelli,Mercedes,13,1:15.772,NC,,44,DNF,DNF,0,1,29,29,30.051,18,33,1:20.620,219.206,0
2025,8,emilia-romagna,FORMULA 1 AWS GRAN PREMIO DEL MADE IN ITALY E DELL'EMILIA-ROMAGNA 2025 - RACE RESULT,63,31,OCO,Esteban Ocon,Haas F1 Team,18,1:16.613,NC,,27,DNF,DNF,0,1,1,1,30.506,20,3,1:21.413,217.070,0
2025,9,monaco,FORMULA 1 TAG HEUER GRAND PRIX DE MONACO 2025 - RACE RESULT,78,4,NOR,Lando Norris,McLaren,1,1:09.954,1,1,78,1:40:33.843,1:40:33.843,25,2,19,50,48.249,1,78,1:13.221,164.067,1
2025,9,monaco,FORMULA 1 TAG HEUER GRAND PRIX DE MONACO 2025 - RACE RESULT,78,16,LEC,Charles Leclerc,Ferrari,2,1:10.063,2,2,78,+3.131s,+3.131s,18,2,22,49,47.254,6,36,1:14.055,162.219,0
2025,9,monaco,FORMULA 1 TAG HEUER GRAND PRIX DE MONACO 2025 - RACE RESULT,78,81,PIA,Oscar Piastri,McLaren,3,1:10.129,3,3,78,+3.658s,+3.658s,15,2,20,48,49.664,4,60,1:13.745,162.901,0
2025,9,monaco,FORMULA 1 TAG HEUER GRAND PRIX DE MONACO 2025 - RACE RESULT,78,1,VER,Max Verstappen,Red Bull Racing,4,1:10.669,4,4,78,+20.572s,+20.572s,12,2,28,77,48.064,8,45,1:14.230,161.837,0
2025,9,monaco,FORMULA 1 TAG HEUER GRAND PRIX DE MONACO 2025 - RACE RESULT,78,44,HAM,Lewis Hamilton,Ferrari,7,1:10.382,5,5,78,+51.387s,+51.387s,10,2,18,56,47.821,7,73,1:14.090,162.143,0
2025,9,monaco,FORMULA 1 TAG HEUER GRAND PRIX DE MONACO 2025 - RACE RESULT,78,6,HAD,Isack Hadjar,Racing Bulls,5,1:10.923,6,6,77,+1 lap,+1 lap,8,2,14,19,48.342,19,16,1:15.981,158.107,0
2025,9,monaco,FORMULA 1 TAG HEUER GRAND PRIX DE MONACO 2025 - RACE RESULT,78,31,OCO,Esteban Ocon,Haas F1 Team,8,1:10.942,7,7,77,+1 lap,+1 lap,6,2,16,28,50.348,14,34,1:15.157,159.841,0
2025,9,monaco,FORMULA 1 TAG HEUER GRAND PRIX DE MONACO 2025 - RACE RESULT,78,30,LAW,Liam Lawson,Racing Bulls,9,1:11.129,8,8,77,+1 lap,+1 lap,4,2,31,40,48.526,17,55,1:15.321,159.493,0
2025,9,monaco,FORMULA 1 TAG HEUER GRAND PRIX DE MONACO 2025 - RACE RESULT,78,23,ALB,Alexander Albon,Williams,10,1:11.213,9,9,76,+2 laps,+2 laps,2,2,32,40,48.117,9,76,1:14.597,161.041,0
2025,9,monaco,FORMULA 1 TAG HEUER GRAND PRIX DE MONACO 2025 - RACE RESULT,78,55,SAI,Carlos Sainz,Williams,11,1:11.362,10,10,76,+2 laps,+2 laps,1,2,48,53,48.547,5,70,1:13.988,162.366,0
2025,9,monaco,FORMULA 1 TAG HEUER GRAND PRIX DE MONACO 2025 - RACE RESULT,78,63,RUS,George Russell,Mercedes,14,,11,11,76,+2 laps,+2 laps,0,2,62,68,49.088,2,76,1:13.405,163.656,0
2025,9,monaco,FORMULA 1 TAG HEUER GRAND PRIX DE MONACO 2025 - RACE RESULT,78,87,BEA,Oliver Bearman,Haas F1 Team,20,1:11.979,12,12,76,+2 laps,+2 laps,0,2,1,17,74.771,10,6,1:14.855,160.486,0
2025,9,monaco,FORMULA 1 TAG HEUER GRAND PRIX DE MONACO 2025 - RACE RESULT,78,43,COL,Franco Colapinto,Alpine,18,1:12.597,13,13,76,+2 laps,+2 laps,0,2,13,26,48.852,16,31,1:15.298,159.542,0
2025,9,monaco,FORMULA 1 TAG HEUER GRAND PRIX DE MONACO 2025 - RACE RESULT,78,5,BOR,Gabriel Bortoleto,Kick Sauber,16,1:11.902,14,14,76,+2 laps,+2 laps,0,3,1,35,85.972,12,38,1:14.884,160.424,0
2025,9,monaco,FORMULA 1 TAG HEUER GRAND PRIX DE MONACO 2025 - RACE RESULT,78,18,STR,Lance Stroll,Aston Martin,19,1:12.563,15,15,76,+2 laps,+2 laps,0,2,17,64,49.894,11,69,1:14.877,160.439,0
2025,9,monaco,FORMULA 1 TAG HEUER GRAND PRIX DE MONACO 2025 - RACE RESULT,78,27,HUL,Nico Hulkenberg,Kick Sauber,13,1:11.596,16,16,76,+2 laps,+2 laps,0,2,12,44,48.462,15,49,1:15.223,159.701,0
2025,9,monaco,FORMULA 1 TAG HEUER GRAND PRIX DE MONACO 2025 - RACE RESULT,78,22,TSU,Yuki Tsunoda,Red Bull Racing,12,1:11.415,17,17,76,+2 laps,+2 laps,0,2,1,73,48.611,13,77,1:14.913,160.362,0
2025,9,monaco,FORMULA 1 TAG HEUER GRAND PRIX DE MONACO 2025 - RACE RESULT,78,12,ANT,Kimi Antonelli,Mercedes,15,,18,18,75,+3 laps,+3 laps,0,2,69,71,49.294,3,77,1:13.518,163.404,0
2025,9,monaco,FORMULA 1 TAG HEUER GRAND PRIX DE MONACO 2025 - RACE RESULT,78,14,ALO,Fernando Alonso,Aston Martin,6,1:10.924,NC,,36,DNF,DNF,0,1,16,16,25.375,18,15,1:15.593,158.919,0
2025,9,monaco,FORMULA 1 TAG HEUER GRAND PRIX DE MONACO 2025 - RACE RESULT,78,10,GAS,Pierre Gasly,Alpine,17,1:11.994,NC,,7,DNF,DNF,0,1,1,1,24.376,20,6,1:18.054,153.908,0
2025,10,spain,FORMULA 1 ARAMCO GRAN PREMIO DE ESPAÑA 2025 - RACE RESULT,66,81,PIA,Oscar Piastri,McLaren,1,1:11.546,1,1,66,1:32:57.375,1:32:57.375,25,3,22,55,66.444,1,61,1:15.743,221.343,1
2025,10,spain,FORMULA 1 ARAMCO GRAN PREMIO DE ESPAÑA 2025 - RACE RESULT,66,4,NOR,Lando Norris,McLaren,2,1:11.755,2,2,66,+2.471s,+2.471s,18,3,21,55,67.879,2,61,1:16.187,220.053,0
2025,10,spain,FORMULA 1 ARAMCO GRAN PREMIO DE ESPAÑA 2025 - RACE RESULT,66,16,LEC,Charles Leclerc,Ferrari,7,1:12.131,3,3,66,+10.455s,+10.455s,15,3,17,55,66.139,5,62,1:17.259,216.999,0
2025,10,spain,FORMULA 1 ARAMCO GRAN PREMIO DE ESPAÑA 2025 - RACE RESULT,66,63,RUS,George Russell,Mercedes,4,1:11.848,4,4,66,+11.359s,+11.359s,12,3,20,55,66.658,4,62,1:17.244,217.042,0
2025,10,spain,FORMULA 1 ARAMCO GRAN PREMIO DE ESPAÑA 2025 - RACE RESULT,66,27,HUL,Nico Hulkenberg,Kick Sauber,15,1:13.190,5,5,66,+13.648s,+13.648s,10,3,9,56,65.986,6,63,1:17.575,216.116,0
2025,10,spain,FORMULA 1 ARAMCO GRAN PREMIO DE ESPAÑA 2025 - RACE RESULT,66,44,HAM,Lewis Hamilton,Ferrari,5,1:12.045,6,6,66,+15.508s,+15.508s,8,3,16,55,69.203,7,62,1:17.706,215.751,0
2025,10,spain,FORMULA 1 ARAMCO GRAN PREMIO DE ESPAÑA 2025 - RACE RESULT,66,6,HAD,Isack Hadjar,Racing Bulls,9,1:12.252,7,7,66,+16.022s,+16.022s,6,3,19,55,65.629,8,63,1:17.770,215.574,0
2025,10,spain,FORMULA 1 ARAMCO GRAN PREMIO DE ESPAÑA 2025 - RACE RESULT,66,10,GAS,Pierre Gasly,Alpine,8,1:12.199,8,8,66,+17.882s,+17.882s,4,3,10,55,67.048,9,63,1:17.896,215.225,0
2025,10,spain,FORMULA 1 ARAMCO GRAN PREMIO DE ESPAÑA 2025 - RACE RESULT,66,14,ALO,Fernando Alonso,Aston Martin,10,1:12.284,9,9,66,+21.564s,+21.564s,2,3,15,54,67.240,11,66,1:18.128,214.586,0
2025,10,spain,FORMULA 1 ARAMCO GRAN PREMIO DE ESPAÑA 2025 - RACE RESULT,66,1,VER,Max Verstappen,Red Bull Racing,3,1:11.848,10,10,66,+21.826s,+21.826s,1,4,13,55,87.801,3,62,1:17.019,217.676,0
2025,10,spain,FORMULA 1 ARAMCO GRAN PREMIO DE ESPAÑA 2025 - RACE RESULT,66,30,LAW,Liam Lawson,Racing Bulls,13,1:12.763,11,11,66,+25.532s,+25.532s,0,2,18,44,44.166,18,62,1:19.424,211.084,0
2025,10,spain,FORMULA 1 ARAMCO GRAN PREMIO DE ESPAÑA 2025 - RACE RESULT,66,5,BOR,Gabriel Bortoleto,Kick Sauber,12,1:12.756,12,12,66,+25.996s,+25.996s,0,2,19,49,44.994,13,52,1:18.297,214.123,0
2025,10,spain,FORMULA 1 ARAMCO GRAN PREMIO DE ESPAÑA 2025 - RACE RESULT,66,22,TSU,Yuki Tsunoda,Red Bull Racing,19,1:13.385,13,13,66,+28.822s,+28.822s,0,4,8,54,88.029,10,47,1:17.998,214.943,0
2025,10,spain,FORMULA 1 ARAMCO GRAN PREMIO DE ESPAÑA 2025 - RACE RESULT,66,55,SAI,Carlos Sainz,Williams,17,1:13.203,14,14,66,+29.309s,+29.309s,0,3,9,55,74.877,17,65,1:19.317,211.369,0
2025,10,spain,FORMULA 1 ARAMCO GRAN PREMIO DE ESPAÑA 2025 - RACE RESULT,66,43,COL,Franco Colapinto,Alpine,18,1:13.334,15,15,66,+31.381s,+31.381s,0,3,14,54,66.484,14,42,1:18.353,213.970,0
2025,10,spain,FORMULA 1 ARAMCO GRAN PREMIO DE ESPAÑA 2025 - RACE RESULT,66,31,OCO,Esteban Ocon,Haas F1 Team,16,1:13.201,16,16,66,+32.197s,+32.197s,0,2,20,43,45.022,15,47,1:18.624,213.232,0
2025,10,spain,FORMULA 1 ARAMCO GRAN PREMIO DE ESPAÑA 2025 - RACE RESULT,66,87,BEA,Oliver Bearman,Haas F1 Team,14,1:13.315,17,17,66,+37.065s,+37.065s,0,3,8,54,67.044,16,63,1:18.907,212.467,0
2025,10,spain,FORMULA 1 ARAMCO GRAN PREMIO DE ESPAÑA 2025 - RACE RESULT,66,12,ANT,Kimi Antonelli,Mercedes,6,1:12.111,NC,,53,DNF,DNF,0,2,21,49,45.691,12,52,1:18.255,214.238,0
2025,10,spain,FORMULA 1 ARAMCO GRAN PREMIO DE ESPAÑA 2025 - RACE RESULT,66,23,ALB,Alexander Albon,Williams,11,1:12.641,NC,,27,DNF,DNF,0,2,6,26,68.497,19,9,1:20.508,208.242,0
2025,11,canada,FORMULA 1 PIRELLI GRAND PRIX DU CANADA 2025 - RACE RESULT,70,63,RUS,George Russell,Mercedes,1,1:10.899,1,1,70,1:31:52.688,1:31:52.688,25,2,13,42,47.493,1,63,1:14.119,211.816,1
2025,11,canada,FORMULA 1 PIRELLI GRAND PRIX DU CANADA 2025 - RACE RESULT,70,1,VER,Max Verstappen,Red Bull Racing,2,1:11.059,2,2,70,+0.228s,+0.228s,18,2,12,37,46.725,5,62,1:14.287,211.337,0
2025,11,canada,FORMULA 1 PIRELLI GRAND PRIX DU CANADA 2025 - RACE RESULT,70,12,ANT,Kimi Antonelli,Mercedes,4,1:11.391,3,3,70,+1.014s,+1.014s,15,2,14,38,46.736,7,60,1:14.455,210.860,0
2025,11,canada,FORMULA 1 PIRELLI GRAND PRIX DU CANADA 2025 - RACE RESULT,70,81,PIA,Oscar Piastri,McLaren,3,1:11.120,4,4,70,+2.109s,+2.109s,12,3,16,67,72.804,3,64,1:14.255,211.428,0
2025,11,canada,FORMULA 1 PIRELLI GRAND PRIX DU CANADA 2025 - RACE RESULT,70,16,LEC,Charles Leclerc,Ferrari,8,1:11.682,5,5,70,+3.442s,+3.442s,10,2,28,53,47.219,4,57,1:14.261,211.411,0
2025,11,canada,FORMULA 1 PIRELLI GRAND PRIX DU CANADA 2025 - RACE RESULT,70,44,HAM,Lewis Hamilton,Ferrari,5,1:11.526,6,6,70,+10.713s,+10.713s,8,2,15,45,46.942,9,64,1:14.805,209.873,0
2025,11,canada,FORMULA 1 PIRELLI GRAND PRIX DU CANADA 2025 - RACE RESULT,70,14,ALO,Fernando Alonso,Aston Martin,6,1:11.586,7,7,70,+10.972s,+10.972s,6,2,15,50,47.430,12,58,1:15.024,209.261,0
2025,11,canada,FORMULA 1 PIRELLI GRAND PRIX DU CANADA 2025 - RACE RESULT,70,27,HUL,Nico Hulkenberg,Kick Sauber,11,1:12.183,8,8,70,+15.364s,+15.364s,4,1,19,19,23.476,14,65,1:15.372,208.294,0
2025,11,canada,FORMULA 1 PIRELLI GRAND PRIX DU CANADA 2025 - RACE RESULT,70,31,OCO,Esteban Ocon,Haas F1 Team,14,1:12.634,9,9,69,+1 lap,+1 lap,2,1,57,57,24.452,8,62,1:14.593,210.470,0
2025,11,canada,FORMULA 1 PIRELLI GRAND PRIX DU CANADA 2025 - RACE RESULT,70,55,SAI,Carlos Sainz,Williams,16,1:12.398,10,10,69,+1 lap,+1 lap,1,1,57,57,23.269,6,60,1:14.389,211.047,0
2025,11,canada,FORMULA 1 PIRELLI GRAND PRIX DU CANADA 2025 - RACE RESULT,70,87,BEA,Oliver Bearman,Haas F1 Team,13,1:12.340,11,11,69,+1 lap,+1 lap,0,2,18,66,51.547,15,63,1:15.397,208.225,0
2025,11,canada,FORMULA 1 PIRELLI GRAND PRIX DU CANADA 2025 - RACE RESULT,70,22,TSU,Yuki Tsunoda,Red Bull Racing,18,1:12.102,12,12,69,+1 lap,+1 lap,0,1,56,56,25.178,13,60,1:15.358,208.333,0
2025,11,canada,FORMULA 1 PIRELLI GRAND PRIX DU CANADA 2025 - RACE RESULT,70,43,COL,Franco Colapinto,Alpine,10,1:12.142,13,13,69,+1 lap,+1 lap,0,1,14,14,24.735,17,53,1:16.076,206.367,0
2025,11,canada,FORMULA 1 PIRELLI GRAND PRIX DU CANADA 2025 - RACE RESULT,70,5,BOR,Gabriel Bortoleto,Kick Sauber,15,1:12.385,14,14,69,+1 lap,+1 lap,0,1,49,49,23.715,16,57,1:15.414,208.178,0
2025,11,canada,FORMULA 1 PIRELLI GRAND PRIX DU CANADA 2025 - RACE RESULT,70,10,GAS,Pierre Gasly,Alpine,20,1:12.667,15,15,69,+1 lap,+1 lap,0,1,53,53,23.987,11,64,1:14.993,209.347,0
2025,11,canada,FORMULA 1 PIRELLI GRAND PRIX DU CANADA 2025 - RACE RESULT,70,6,HAD,Isack Hadjar,Racing Bulls,12,1:11.867,16,16,69,+1 lap,+1 lap,0,2,13,66,47.823,19,51,1:16.292,205.783,0
2025,11,canada,FORMULA 1 PIRELLI GRAND PRIX DU CANADA 2025 - RACE RESULT,70,18,STR,Lance Stroll,Aston Martin,17,1:12.517,17,17,69,+1 lap,+1 lap,0,3,24,66,82.256,10,58,1:14.902,209.601,0
2025,11,canada,FORMULA 1 PIRELLI GRAND PRIX DU CANADA 2025 - RACE RESULT,70,4,NOR,Lando Norris,McLaren,7,1:11.625,18,18,66,DNF,DNF,0,2,29,47,46.694,2,65,1:14.229,211.502,0
2025,11,canada,FORMULA 1 PIRELLI GRAND PRIX DU CANADA 2025 - RACE RESULT,70,30,LAW,Liam Lawson,Racing Bulls,19,1:12.525,NC,,53,DNF,DNF,0,1,38,38,23.280,20,53,1:16.320,205.707,0
2025,11,canada,FORMULA 1 PIRELLI GRAND PRIX DU CANADA 2025 - RACE RESULT,70,23,ALB,Alexander Albon,Williams,9,1:11.907,NC,,46,DNF,DNF,0,1,23,23,23.898,18,31,1:16.197,206.039,0
2025,12,austria,FORMULA 1 MSC CRUISES AUSTRIAN GRAND PRIX 2025 - RACE RESULT,70,4,NOR,Lando Norris,McLaren,1,1:03.971,1,1,70,1:23:47.693,1:23:47.693,25,2,20,52,43.558,2,61,1:08.272,228.111,1
2025,12,austria,FORMULA 1 MSC CRUISES AUSTRIAN GRAND PRIX 2025 - RACE RESULT,70,81,PIA,Oscar Piastri,McLaren,3,1:04.554,2,2,70,+2.695s,+2.695s,18,2,24,53,43.632,1,59,1:07.924,229.279,0
2025,12,austria,FORMULA 1 MSC CRUISES AUSTRIAN GRAND PRIX 2025 - RACE RESULT,70,16,LEC,Charles Leclerc,Ferrari,2,1:04.492,3,3,70,+19.820s,+19.820s,15,2,25,49,42.844,4,56,1:08.765,226.475,0
2025,12,austria,FORMULA 1 MSC CRUISES AUSTRIAN GRAND PRIX 2025 - RACE RESULT,70,44,HAM,Lewis Hamilton,Ferrari,4,1:04.582,4,4,70,+29.020s,+29.020s,12,2,26,50,42.445,3,53,1:08.628,226.927,0
2025,12,austria,FORMULA 1 MSC CRUISES AUSTRIAN GRAND PRIX 2025 - RACE RESULT,70,63,RUS,George Russell,Mercedes,5,1:04.763,5,5,70,+62.396s,+62.396s,10,2,18,45,43.198,7,47,1:09.372,224.494,0
2025,12,austria,FORMULA 1 MSC CRUISES AUSTRIAN GRAND PRIX 2025 - RACE RESULT,70,30,LAW,Liam Lawson,Racing Bulls,6,1:04.926,6,6,70,+67.754s,+67.754s,8,1,32,32,21.434,14,58,1:09.977,222.553,0
2025,12,austria,FORMULA 1 MSC CRUISES AUSTRIAN GRAND PRIX 2025 - RACE RESULT,70,14,ALO,Fernando Alonso,Aston Martin,11,1:05.128,7,7,69,+1 lap,+1 lap,6,1,33,33,21.865,12,39,1:09.935,222.686,0
2025,12,austria,FORMULA 1 MSC CRUISES AUSTRIAN GRAND PRIX 2025 - RACE RESULT,70,5,BOR,Gabriel Bortoleto,Kick Sauber,8,1:05.132,8,8,69,+1 lap,+1 lap,4,2,21,49,42.962,6,60,1:09.247,224.899,0
2025,12,austria,FORMULA 1 MSC CRUISES AUSTRIAN GRAND PRIX 2025 - RACE RESULT,70,27,HUL,Nico Hulkenberg,Kick Sauber,20,1:05.606,9,9,69,+1 lap,+1 lap,2,2,12,42,42.281,8,57,1:09.459,224.212,0
2025,12,austria,FORMULA 1 MSC CRUISES AUSTRIAN GRAND PRIX 2025 - RACE RESULT,70,31,OCO,Esteban Ocon,Haas F1 Team,17,1:05.364,10,10,69,+1 lap,+1 lap,1,2,19,50,45.472,9,55,1:09.550,223.919,0
2025,12,austria,FORMULA 1 MSC CRUISES AUSTRIAN GRAND PRIX 2025 - RACE RESULT,70,87,BEA,Oliver Bearman,Haas F1 Team,15,1:05.312,11,11,69,+1 lap,+1 lap,0,2,11,39,43.681,13,43,1:09.960,222.607,0
2025,12,austria,FORMULA 1 MSC CRUISES AUSTRIAN GRAND PRIX 2025 - RACE RESULT,70,6,HAD,Isack Hadjar,Racing Bulls,13,1:05.226,12,12,69,+1 lap,+1 lap,0,2,2,28,42.977,16,40,1:10.204,221.833,0
2025,12,austria,FORMULA 1 MSC CRUISES AUSTRIAN GRAND PRIX 2025 - RACE RESULT,70,10,GAS,Pierre Gasly,Alpine,10,1:05.649,13,13,69,+1 lap,+1 lap,0,2,12,38,44.064,15,47,1:10.151,222.001,0
2025,12,austria,FORMULA 1 MSC CRUISES AUSTRIAN GRAND PRIX 2025 - RACE RESULT,70,18,STR,Lance Stroll,Aston Martin,16,1:05.329,14,14,69,+1 lap,+1 lap,0,2,26,53,44.670,5,56,1:09.214,225.006,0
2025,12,austria,FORMULA 1 MSC CRUISES AUSTRIAN GRAND PRIX 2025 - RACE RESULT,70,43,COL,Franco Colapinto,Alpine,14,1:05.288,15,15,69,+1 lap,+1 lap,0,2,13,39,44.125,10,45,1:09.621,223.691,0
2025,12,austria,FORMULA 1 MSC CRUISES AUSTRIAN GRAND PRIX 2025 - RACE RESULT,70,22,TSU,Yuki Tsunoda,Red Bull Racing,18,1:05.369,16,16,68,+2 laps,+2 laps,0,3,18,60,84.135,11,63,1:09.802,223.111,0
2025,12,austria,FORMULA 1 MSC CRUISES AUSTRIAN GRAND PRIX 2025 - RACE RESULT,70,23,ALB,Alexander Albon,Williams,12,1:05.205,NC,,15,DNF,DNF,0,1,13,13,21.210,17,9,1:10.641,220.461,0
2025,12,austria,FORMULA 1 MSC CRUISES AUSTRIAN GRAND PRIX 2025 - RACE RESULT,70,1,VER,Max Verstappen,Red Bull Racing,7,1:04.929,NC,,0,DNF,DNF,0,,,,,,,,,0
2025,12,austria,FORMULA 1 MSC CRUISES AUSTRIAN GRAND PRIX 2025 - RACE RESULT,70,12,ANT,Kimi Antonelli,Mercedes,9,1:05.276,NC,,0,DNF,DNF,0,,,,,,,,,0
2025,12,austria,FORMULA 1 MSC CRUISES AUSTRIAN GRAND PRIX 2025 - RACE RESULT,70,55,SAI,Carlos Sainz,Williams,19,1:05.582,NC,,0,DNS,DNS,0,,,,,,,,,0
2025,13,great-britain,FORMULA 1 QATAR AIRWAYS BRITISH GRAND PRIX 2025 - RACE RESULT,52,4,NOR,Lando Norris,McLaren,3,1:25.010,1,1,52,1:37:15.735,1:37:15.735,25,2,11,44,58.844,2,48,1:29.734,236.338,1
2025,13,great-britain,FORMULA 1 QATAR AIRWAYS BRITISH GRAND PRIX 2025 - RACE RESULT,52,81,PIA,Oscar Piastri,McLaren,2,1:24.995,2,2,52,+6.812s,+6.812s,18,2,11,43,69.771,1,51,1:29.337,237.388,0
2025,13,great-britain,FORMULA 1 QATAR AIRWAYS BRITISH GRAND PRIX 2025 - RACE RESULT,52,27,HUL,Nico Hulkenberg,Kick Sauber,19,1:26.574,3,3,52,+34.742s,+34.742s,15,2,9,42,59.688,14,51,1:30.933,233.222,0
2025,13,great-britain,FORMULA 1 QATAR AIRWAYS BRITISH GRAND PRIX 2025 - RACE RESULT,52,44,HAM,Lewis Hamilton,Ferrari,5,1:25.095,4,4,52,+39.812s,+39.812s,12,2,11,41,58.044,3,49,1:30.016,235.598,0
2025,13,great-britain,FORMULA 1 QATAR AIRWAYS BRITISH GRAND PRIX 2025 - RACE RESULT,52,1,VER,Max Verstappen,Red Bull Racing,1,1:24.892,5,5,52,+56.781s,+56.781s,10,2,11,41,57.871,5,49,1:30.179,235.172,0
2025,13,great-britain,FORMULA 1 QATAR AIRWAYS BRITISH GRAND PRIX 2025 - RACE RESULT,52,10,GAS,Pierre Gasly,Alpine,8,1:25.785,6,6,52,+59.857s,+59.857s,8,2,11,41,57.381,8,48,1:30.751,233.689,0
2025,13,great-britain,FORMULA 1 QATAR AIRWAYS BRITISH GRAND PRIX 2025 - RACE RESULT,52,18,STR,Lance Stroll,Aston Martin,17,1:26.504,7,7,52,+60.603s,+60.603s,6,3,6,41,86.531,15,50,1:32.088,230.297,0
2025,13,great-britain,FORMULA 1 QATAR AIRWAYS BRITISH GRAND PRIX 2025 - RACE RESULT,52,23,ALB,Alexander Albon,Williams,13,1:25.889,8,8,52,+64.135s,+64.135s,4,2,12,42,58.543,4,50,1:30.047,235.517,0
2025,13,great-britain,FORMULA 1 QATAR AIRWAYS BRITISH GRAND PRIX 2025 - RACE RESULT,52,14,ALO,Fernando Alonso,Aston Martin,7,1:25.621,9,9,52,+65.858s,+65.858s,2,2,11,37,57.241,6,49,1:30.353,234.719,0
2025,13,great-britain,FORMULA 1 QATAR AIRWAYS BRITISH GRAND PRIX 2025 - RACE RESULT,52,63,RUS,George Russell,Mercedes,4,1:25.029,10,10,52,+70.674s,+70.674s,1,2,10,38,56.852,11,51,1:30.869,233.386,0
2025,13,great-britain,FORMULA 1 QATAR AIRWAYS BRITISH GRAND PRIX 2025 - RACE RESULT,52,87,BEA,Oliver Bearman,Haas F1 Team,18,1:25.471,11,11,52,+72.095s,+72.095s,0,2,10,41,58.291,13,50,1:30.921,233.253,0
2025,13,great-britain,FORMULA 1 QATAR AIRWAYS BRITISH GRAND PRIX 2025 - RACE RESULT,52,55,SAI,Carlos Sainz,Williams,9,1:25.746,12,12,52,+76.592s,+76.592s,0,2,11,41,58.209,7,52,1:30.645,233.963,0
2025,13,great-britain,FORMULA 1 QATAR AIRWAYS BRITISH GRAND PRIX 2025 - RACE RESULT,52,31,OCO,Esteban Ocon,Haas F1 Team,14,1:25.950,13,13,52,+77.301s,+77.301s,0,2,18,42,58.208,9,52,1:30.818,233.517,0
2025,13,great-britain,FORMULA 1 QATAR AIRWAYS BRITISH GRAND PRIX 2025 - RACE RESULT,52,16,LEC,Charles Leclerc,Ferrari,6,1:25.121,14,14,52,+84.477s,+84.477s,0,2,10,42,57.929,10,50,1:30.819,233.515,0
2025,13,great-britain,FORMULA 1 QATAR AIRWAYS BRITISH GRAND PRIX 2025 - RACE RESULT,52,22,TSU,Yuki Tsunoda,Red Bull Racing,11,1:25.826,15,15,51,+1 lap,+1 lap,0,1,11,11,28.544,12,50,1:30.873,233.376,0
2025,13,great-britain,FORMULA 1 QATAR AIRWAYS BRITISH GRAND PRIX 2025 - RACE RESULT,52,12,ANT,Kimi Antonelli,Mercedes,10,1:25.374,NC,,23,DNF,DNF,0,3,2,20,87.156,17,8,1:45.576,200.875,0
2025,13,great-britain,FORMULA 1 QATAR AIRWAYS BRITISH GRAND PRIX 2025 - RACE RESULT,52,6,HAD,Isack Hadjar,Racing Bulls,12,1:25.864,NC,,17,DNF,DNF,0,1,10,10,28.523,16,9,1:41.705,208.520,0
2025,13,great-britain,FORMULA 1 QATAR AIRWAYS BRITISH GRAND PRIX 2025 - RACE RESULT,52,5,BOR,Gabriel Bortoleto,Kick Sauber,16,1:26.446,NC,,3,DNF,DNF,0,,,,,18,3,2:16.121,155.799,0
2025,13,great-britain,FORMULA 1 QATAR AIRWAYS BRITISH GRAND PRIX 2025 - RACE RESULT,52,30,LAW,Liam Lawson,Racing Bulls,15,1:26.440,NC,,0,DNF,DNF,0,,,,,,,,,0
2025,13,great-britain,FORMULA 1 QATAR AIRWAYS BRITISH GRAND PRIX 2025 - RACE RESULT,52,43,COL,Franco Colapinto,Alpine,20,1:27.060,NC,,0,DNS,DNS,0,,,,,,,,,0
2025,14,belgium,FORMULA 1 MOËT & CHANDON BELGIAN GRAND PRIX 2025 - RACE RESULT,44,81,PIA,Oscar Piastri,McLaren,2,1:40.647,1,1,44,1:25:22.601,1:25:22.601,25,1,12,12,23.844,4,43,1:45.706,238.533,1
2025,14,belgium,FORMULA 1 MOËT & CHANDON BELGIAN GRAND PRIX 2025 - RACE RESULT,44,4,NOR,Lando Norris,McLaren,1,1:40.562,2,2,44,+3.415s,+3.415s,18,1,13,13,24.376,3,42,1:45.257,239.550,0
2025,14,belgium,FORMULA 1 MOËT & CHANDON BELGIAN GRAND PRIX 2025 - RACE RESULT,44,16,LEC,Charles Leclerc,Ferrari,3,1:40.900,3,3,44,+20.185s,+20.185s,15,1,12,12,23.806,9,40,1:46.174,237.481,0
2025,14,belgium,FORMULA 1 MOËT & CHANDON BELGIAN GRAND PRIX 2025 - RACE RESULT,44,1,VER,Max Verstappen,Red Bull Racing,4,1:40.903,4,4,44,+21.731s,+21.731s,12,1,12,12,25.913,7,40,1:46.096,237.656,0
2025,14,belgium,FORMULA 1 MOËT & CHANDON BELGIAN GRAND PRIX 2025 - RACE RESULT,44,63,RUS,George Russell,Mercedes,6,1:41.260,5,5,44,+34.863s,+34.863s,10,1,12,12,23.635,11,43,1:46.566,236.608,0
2025,14,belgium,FORMULA 1 MOËT & CHANDON BELGIAN GRAND PRIX 2025 - RACE RESULT,44,23,ALB,Alexander Albon,Williams,5,1:41.201,6,6,44,+39.926s,+39.926s,8,,,,,15,38,1:46.813,236.061,0
2025,14,belgium,FORMULA 1 MOËT & CHANDON BELGIAN GRAND PRIX 2025 - RACE RESULT,44,44,HAM,Lewis Hamilton,Ferrari,18,1:41.939,7,7,44,+40.679s,+40.679s,6,1,11,11,23.284,10,43,1:46.534,236.679,0
2025,14,belgium,FORMULA 1 MOËT & CHANDON BELGIAN GRAND PRIX 2025 - RACE RESULT,44,30,LAW,Liam Lawson,Racing Bulls,9,1:41.328,8,8,44,+52.033s,+52.033s,4,1,12,12,23.269,12,38,1:46.649,236.424,0
2025,14,belgium,FORMULA 1 MOËT & CHANDON BELGIAN GRAND PRIX 2025 - RACE RESULT,44,5,BOR,Gabriel Bortoleto,Kick Sauber,10,1:42.387,9,9,44,+56.434s,+56.434s,2,1,12,12,23.274,16,41,1:46.966,235.723,0
2025,14,belgium,FORMULA 1 MOËT & CHANDON BELGIAN GRAND PRIX 2025 - RACE RESULT,44,10,GAS,Pierre Gasly,Alpine,13,1:41.633,10,10,44,+72.714s,+72.714s,1,1,11,11,26.825,17,42,1:47.177,235.259,0
2025,14,belgium,FORMULA 1 MOËT & CHANDON BELGIAN GRAND PRIX 2025 - RACE RESULT,44,87,BEA,Oliver Bearman,Haas F1 Team,12,1:41.617,11,11,44,+73.145s,+73.145s,0,1,12,12,24.130,13,43,1:46.709,236.291,0
2025,14,belgium,FORMULA 1 MOËT & CHANDON BELGIAN GRAND PRIX 2025 - RACE RESULT,44,27,HUL,Nico Hulkenberg,Kick Sauber,14,1:41.707,12,12,44,+73.628s,+73.628s,0,2,11,32,47.489,2,39,1:45.068,239.981,0
2025,14,belgium,FORMULA 1 MOËT & CHANDON BELGIAN GRAND PRIX 2025 - RACE RESULT,44,22,TSU,Yuki Tsunoda,Red Bull Racing,7,1:41.284,13,13,44,+75.395s,+75.395s,0,1,13,13,23.330,19,42,1:47.241,235.119,0
2025,14,belgium,FORMULA 1 MOËT & CHANDON BELGIAN GRAND PRIX 2025 - RACE RESULT,44,18,STR,Lance Stroll,Aston Martin,16,1:42.502,14,14,44,+79.831s,+79.831s,0,1,12,12,23.787,18,38,1:47.212,235.182,0
2025,14,belgium,FORMULA 1 MOËT & CHANDON BELGIAN GRAND PRIX 2025 - RACE RESULT,44,31,OCO,Esteban Ocon,Haas F1 Team,11,1:41.525,15,15,44,+86.063s,+86.063s,0,1,13,13,23.802,14,44,1:46.744,236.213,0
2025,14,belgium,FORMULA 1 MOËT & CHANDON BELGIAN GRAND PRIX 2025 - RACE RESULT,44,12,ANT,Kimi Antonelli,Mercedes,19,1:42.139,16,16,44,+86.721s,+86.721s,0,2,12,30,46.668,1,32,1:44.861,240.455,0
2025,14,belgium,FORMULA 1 MOËT & CHANDON BELGIAN GRAND PRIX 2025 - RACE RESULT,44,14,ALO,Fernando Alonso,Aston Martin,20,1:42.385,17,17,44,+87.924s,+87.924s,0,2,11,29,47.096,5,32,1:45.849,238.211,0
2025,14,belgium,FORMULA 1 MOËT & CHANDON BELGIAN GRAND PRIX 2025 - RACE RESULT,44,55,SAI,Carlos Sainz,Williams,17,1:41.758,18,18,44,+92.024s,+92.024s,0,2,12,26,51.298,6,30,1:46.073,237.707,0
2025,14,belgium,FORMULA 1 MOËT & CHANDON BELGIAN GRAND PRIX 2025 - RACE RESULT,44,43,COL,Franco Colapinto,Alpine,15,1:42.022,19,19,44,+95.250s,+95.250s,0,2,12,28,47.114,8,30,1:46.104,237.638,0
2025,14,belgium,FORMULA 1 MOËT & CHANDON BELGIAN GRAND PRIX 2025 - RACE RESULT,44,6,HAD,Isack Hadjar,Racing Bulls,8,1:41.310,20,20,43,+1 lap,+1 lap,0,2,13,20,46.956,20,44,1:47.667,234.188,0
2025,15,hungary,FORMULA 1 LENOVO HUNGARIAN GRAND PRIX 2025 - RACE RESULT,70,4,NOR,Lando Norris,McLaren,3,1:15.413,1,1,70,1:35:21.231,1:35:21.231,25,1,31,31,20.940,5,57,1:19.918,197.347,1
2025,15,hungary,FORMULA 1 LENOVO HUNGARIAN GRAND PRIX 2025 - RACE RESULT,70,81,PIA,Oscar Piastri,McLaren,2,1:15.398,2,2,70,+0.698s,+0.698s,18,2,18,45,42.085,2,56,1:19.412,198.604,0
2025,15,hungary,FORMULA 1 LENOVO HUNGARIAN GRAND PRIX 2025 - RACE RESULT,70,63,RUS,George Russell,Mercedes,4,1:15.425,3,3,70,+21.916s,+21.916s,15,2,19,43,43.153,1,45,1:19.409,198.612,0
2025,15,hungary,FORMULA 1 LENOVO HUNGARIAN GRAND PRIX 2025 - RACE RESULT,70,16,LEC,Charles Leclerc,Ferrari,1,1:15.372,4,4,70,+42.560s,+42.560s,12,2,19,40,42.266,9,47,1:20.440,196.066,0
2025,15,hungary,FORMULA 1 LENOVO HUNGARIAN GRAND PRIX 2025 - RACE RESULT,70,14,ALO,Fernando Alonso,Aston Martin,5,1:15.481,5,5,70,+59.040s,+59.040s,10,1,39,39,22.204,8,54,1:20.113,196.866,0
2025,15,hungary,FORMULA 1 LENOVO HUNGARIAN GRAND PRIX 2025 - RACE RESULT,70,5,BOR,Gabriel Bortoleto,Kick Sauber,7,1:15.725,6,6,70,+66.169s,+66.169s,8,1,40,40,21.773,11,48,1:20.705,195.422,0
2025,15,hungary,FORMULA 1 LENOVO HUNGARIAN GRAND PRIX 2025 - RACE RESULT,70,18,STR,Lance Stroll,Aston Martin,6,1:15.498,7,7,70,+68.174s,+68.174s,6,1,36,36,21.464,12,55,1:20.708,195.415,0
2025,15,hungary,FORMULA 1 LENOVO HUNGARIAN GRAND PRIX 2025 - RACE RESULT,70,30,LAW,Liam Lawson,Racing Bulls,9,1:15.821,8,8,70,+69.451s,+69.451s,4,1,40,40,22.136,10,56,1:20.457,196.025,0
2025,15,hungary,FORMULA 1 LENOVO HUNGARIAN GRAND PRIX 2025 - RACE RESULT,70,1,VER,Max Verstappen,Red Bull Racing,8,1:15.728,9,9,70,+72.645s,+72.645s,2,2,17,48,42.691,3,50,1:19.576,198.195,0
2025,15,hungary,FORMULA 1 LENOVO HUNGARIAN GRAND PRIX 2025 - RACE RESULT,70,12,ANT,Kimi Antonelli,Mercedes,15,1:16.386,10,10,69,+1 lap,+1 lap,1,1,21,21,22.328,13,54,1:20.745,195.326,0
2025,15,hungary,FORMULA 1 LENOVO HUNGARIAN GRAND PRIX 2025 - RACE RESULT,70,6,HAD,Isack Hadjar,Racing Bulls,10,1:15.915,11,11,69,+1 lap,+1 lap,0,1,33,33,21.096,15,48,1:20.802,195.188,0
2025,15,hungary,FORMULA 1 LENOVO HUNGARIAN GRAND PRIX 2025 - RACE RESULT,70,44,HAM,Lewis Hamilton,Ferrari,12,1:15.702,12,12,69,+1 lap,+1 lap,0,1,42,42,21.150,7,55,1:20.022,197.090,0
2025,15,hungary,FORMULA 1 LENOVO HUNGARIAN GRAND PRIX 2025 - RACE RESULT,70,27,HUL,Nico Hulkenberg,Kick Sauber,18,1:16.081,13,13,69,+1 lap,+1 lap,0,2,5,41,50.371,6,68,1:20.013,197.112,0
2025,15,hungary,FORMULA 1 LENOVO HUNGARIAN GRAND PRIX 2025 - RACE RESULT,70,55,SAI,Carlos Sainz,Williams,13,1:15.781,14,14,69,+1 lap,+1 lap,0,2,15,51,43.093,4,54,1:19.790,197.663,0
2025,15,hungary,FORMULA 1 LENOVO HUNGARIAN GRAND PRIX 2025 - RACE RESULT,70,23,ALB,Alexander Albon,Williams,19,1:16.223,15,15,69,+1 lap,+1 lap,0,2,14,38,44.071,14,50,1:20.779,195.243,0
2025,15,hungary,FORMULA 1 LENOVO HUNGARIAN GRAND PRIX 2025 - RACE RESULT,70,31,OCO,Esteban Ocon,Haas F1 Team,17,1:16.023,16,16,69,+1 lap,+1 lap,0,1,14,14,22.444,19,17,1:21.916,192.533,0
2025,15,hungary,FORMULA 1 LENOVO HUNGARIAN GRAND PRIX 2025 - RACE RESULT,70,22,TSU,Yuki Tsunoda,Red Bull Racing,20,1:15.899,17,17,69,+1 lap,+1 lap,0,2,20,37,42.836,17,47,1:21.180,194.279,0
2025,15,hungary,FORMULA 1 LENOVO HUNGARIAN GRAND PRIX 2025 - RACE RESULT,70,43,COL,Franco Colapinto,Alpine,14,1:16.159,18,18,69,+1 lap,+1 lap,0,2,13,35,56.528,16,38,1:20.827,195.127,0
2025,15,hungary,FORMULA 1 LENOVO HUNGARIAN GRAND PRIX 2025 - RACE RESULT,70,10,GAS,Pierre Gasly,Alpine,16,1:15.966,19,19,69,+1 lap,+1 lap,0,1,32,32,21.699,18,46,1:21.433,193.675,0
2025,15,hungary,FORMULA 1 LENOVO HUNGARIAN GRAND PRIX 2025 - RACE RESULT,70,87,BEA,Oliver Bearman,Haas F1 Team,11,1:15.694,NC,,48,DNF,DNF,0,1,30,30,21.754,20,37,1:21.989,192.362,0
